:0200000480007A
:2000000000000000700059B30000000000000000000000000000000064B81E799B47E18668
:20002000910000F8D9FFF413DC0F0090000600F000B403F00100000000000000000600F049
:2000400000B503F00300000001000000000600F000B403F00000000090000000000600F0D1
:2000600000B403F00100000090000000000600F000B503F00200000090000000000600F022
:2000800000B503F00300000090000000000700F000B503F00100000000000000000700F08E
:2000A00000B503F00500000001000000000700F000C003F00900000002000000000700F0E6
:2000C00000B103F00A00000004000000000700F000D303F00D00000005000000000700F0A8
:2000E00000A203F00300000006000000000700F000A203F00200000090000000000700F04D
:2001000000B103F00C00000090000000000700F000B503F00000000090000000000700F079
:2001200000B503F00100000090000000000700F000B503F00400000090000000000700F05C
:2001400000B503F00500000090000000000700F000C003F00A00000090000000000700F027
:2001600000D303F00C00000090000000000700F000D303F00D00000090000000000800F0CB
:2001800000B403F00300000000000000000800F000A203F00100000001000000000800F02E
:2001A00000B003F00600000003000000000800F000D303F00800000004000000000800F0D1
:2001C00000A203F00000000006000000000800F000A203F00000000090000000000800F06F
:2001E00000B003F00500000090000000000800F000B403F00200000090000000000800F09E
:2002000000B403F00300000090000000000800F000D303F00800000090000000000800F056
:2002200000D303F00900000090000000000900F000B503F00700000000000000000900F0BE
:2002400000C003F00300000002000000000900F000A003F00100000004000000000900F05C
:2002600000C103F00600000005000000000900F000A003F00000000098000000000900F0A2
:2002800000A003F00100000090000000000900F000B503F00600000090000000000900F00A
:2002A00000B503F00700000090000000000900F000C003F00000000090000000000900F0CA
:2002C00000C003F00300000090000000000900F000C103F00700000090000000000600F09E
:2002E00000000000000700F001000000000800F002000000000900F0030000000050C348B5
:20030000640000000050C348640000001400000000000000000000000100000000000000A5
:200320000000000000000000000000000000000000000000000001010700000000000901AA
:20034000000000000602000000000A03000000000000000000000000010100000000000086
:20036000002A00F000000000002B00F001000000000081F800000000000083F80100000052
:2003800000000000000000000000000000000000000000000000000000000000000000005D
:2003A0000000010000010F00010F0000000000000000000000000000002E00F002000000FC
:2003C00000A003F00800000000000000002E00F00200000000D303F0060000000100000095
:2003E000002E00F00200000000A003F00700000000000000002E00F00200000000D303F05D
:200400000700000001000000002E00F00300000000A203F00700000000000000002E00F0F9
:200420000300000000A203F00600000000000000002E00F00400000000A003F00900000060
:2004400000000000002E00F00400000000D303F00500000001000000002E00F0040000008C
:2004600000A203F00800000000000000002E00F00500000000C103F0060000000000000002
:20048000002E00F00500000000B003F00100000001000000002E00F00500000000C103F0BD
:2004A0000700000000000000002E00F00500000000B003F00300000001000000002E00F04D
:2004C0000600000000C003F00000000000000000002E00F00600000000C003F00300000089
:2004E00000000000002E00F00600000000B003F00200000001000000000002000000000030
:2005000000A203F00000000088000000000002003000000000C203F001000000880000004E
:20052000000002003500000000C103F00200000088000000000002005500000000B403F048
:200540000500000088000000000002000800000000A203F0080000008800000000000200DD
:200560000900000000A003F00000000088000000000103006700000000B003F00100000048
:2005800088000000000102000A00000000A003F00100000088000000000102000B0000009C
:2005A00000A003F00200000088000000000102000100000000A203F00100000088000000FC
:2005C000000102001F00000000D303F00900000088000000000102002F00000000C203F0BB
:2005E0000000000088000000000102003600000000C103F0030000008800000000010200F8
:200600005400000000B403F00400000088000000000203006800000000B003F00200000041
:2006200088000000000203006B00000000B003F00500000088000000000202000C00000082
:2006400000A003F00300000088000000000202000200000000A203F0020000008800000057
:20066000000202002100000000D303F00B00000088000000000202003700000000C103F00D
:200680000400000088000000000202005300000000B403F00300000088000000000303003F
:2006A0006900000000B003F00300000088000000000303006C00000000B003F00600000088
:2006C00088000000000302000D00000000A003F00400000088000000000302000300000059
:2006E00000A203F00300000088000000000302003100000000C203F0020000008800000065
:20070000000302003800000000C103F00500000088000000000302005200000000B403F05D
:200720000200000088000000000402000E00000000A003F0050000008800000000040200F5
:200740000400000000A203F00400000088000000000402003200000000C203F00300000084
:2007600088000000000402003900000000C103F00600000088000000000402003D0000002D
:2007800000C003F00300000088000000000402005100000000B403F0010000008800000094
:2007A000000502000F00000000A003F00600000088000000000502002800000000D203F00E
:2007C0000400000088000000000502003A00000000C103F007000000880000000005020002
:2007E0000500000000A203F00500000088000000000602001000000000A003F00700000020
:2008000088000000000602002A00000000C303F00100000088000000000602003B0000009C
:2008200000C003F00000000088000000000602000600000000A203F006000000880000004C
:20084000000702001100000000A003F00800000088000000000702004000000000C003F05F
:200860000800000088000000000702000700000000A203F0070000008800000001000300B0
:200880000000000000A203F00000000088000000010003003000000000C203F00100000051
:2008A00088000000010003003500000000C103F002000000880000000100020044000000F2
:2008C00000C003F00C00000088000000010002004C00000000B503F005000000880000004D
:2008E000010002004D00000000B503F00600000088000000010003000800000000A203F0D1
:200900000800000088000000010003000900000000A003F00000000088000000010102001B
:200920006700000000B003F00100000088000000010103000A00000000A003F00100000081
:2009400088000000010103000B00000000A003F002000000880000000101030001000000DC
:2009600000A203F00100000088000000010103001F00000000D303F00900000088000000DE
:20098000010103002F00000000C203F00000000088000000010103003600000000C103F0F7
:2009A0000300000088000000010102004500000000C003F00D000000880000000101020017
:2009C0004E00000000B503F00700000088000000010102004F00000000B503F0080000008F
:2009E00088000000010102005600000000B403F00600000088000000010202006800000073
:200A000000B003F00200000088000000010202006B00000000B003F0050000008800000009
:200A2000010203000C00000000A003F00300000088000000010203000200000000A203F0E9
:200A40000200000088000000010203002100000000D303F00B000000880000000102030086
:200A60003700000000C103F00400000088000000010202004600000000C003F00E000000F3
:200A800088000000010202005000000000B403F000000000880000000103020069000000DB
:200AA00000B003F00300000088000000010302006C00000000B003F0060000008800000065
:200AC000010303000D00000000A003F00400000088000000010303000300000000A203F044
:200AE0000300000088000000010303003100000000C203F0020000008800000001030300ED
:200B00003800000000C103F00500000088000000010302004700000000B503F00000000067
:200B200088000000010403000E00000000A003F005000000880000000104030004000000EB
:200B400000A203F00400000088000000010403003200000000C203F00300000088000000FA
:200B6000010403003900000000C103F00600000088000000010403003D00000000C003F0FA
:200B80000300000088000000010402004800000000B503F001000000880000000105030041
:200BA0000F00000000A003F00600000088000000010503002800000000D203F0040000000B
:200BC00088000000010503003A00000000C103F007000000880000000105030005000000F9
:200BE00000A203F00500000088000000010502004100000000C003F0090000008800000046
:200C0000010502004900000000B503F00200000088000000010603001000000000A003F0A4
:200C20000700000088000000010603002A00000000C303F0010000008800000001060300A8
:200C40003B00000000C003F00000000088000000010602004200000000C003F00A00000016
:200C600088000000010603000600000000A203F00600000088000000010602004A00000066
:200C800000B503F00300000088000000010703001100000000A003F00800000088000000E2
:200CA000010702004300000000C003F00B00000088000000010702004B00000000B503F0A4
:200CC0000400000088000000010703000700000000A203F00700000088000000020002004E
:200CE0001200000000A003F00900000088000000020002001A00000000D303F004000000D6
:200D000088000000020002002000000000D303F00A00000088000000020003004400000086
:200D200000C003F00C00000088000000020002005E00000000B303F00300000088000000D9
:200D4000020102001B00000000D303F00500000088000000020103004500000000C003F022
:200D60000D00000088000000020102005F00000000B103F002000000880000000202020046
:200D80001C00000000D303F00600000088000000020203004600000000C003F00E000000D5
:200DA00088000000020202006000000000B103F003000000880000000203020015000000FA
:200DC00000A003F00C00000088000000020302001D00000000D303F0070000008800000073
:200DE000020303004700000000B503F00000000088000000020302006100000000B103F068
:200E00000600000088000000020402001E00000000D303F0080000008800000002040200C0
:200E20002200000000D303F00C00000088000000020403004800000000B503F0010000003C
:200E400088000000020402006200000000B103F0090000008800000002050200230000003F
:200E600000D303F00D00000088000000020503004100000000C003F0090000008800000088
:200E8000020503004900000000B503F00200000088000000020502005B00000000B303F0C3
:200EA0000000000088000000020502006300000000B103F00A0000008800000002060200FE
:200EC0006400000000B103F00B00000088000000020602002400000000D203F00000000084
:200EE00088000000020602003E00000000C003F00600000088000000020603004200000094
:200F000000C003F00A00000088000000020603004A00000000B503F0030000008800000004
:200F2000020602005C00000000B303F00100000088000000020702006500000000B103F008
:200F40000C00000088000000020702003F00000000C003F007000000880000000207030065
:200F60004000000000C003F00800000088000000020703004300000000C003F00B000000E1
:200F800088000000020703004B00000000B503F00400000088000000020702005D000000D6
:200FA00000B303F00200000088000000030003001200000000A003F00900000088000000C5
:200FC000030003001A00000000D303F00400000088000000030003002000000000D303F0B3
:200FE0000A00000088000000030003004C00000000B503F0050000008800000003000300D2
:201000004D00000000B503F00600000088000000030003005500000000B403F00500000046
:2010200088000000030003005E00000000B303F00300000088000000030103001B00000071
:2010400000D303F00500000088000000030103004E00000000B503F00700000088000000B1
:20106000030103004F00000000B503F00800000088000000030103005400000000B403F0E0
:201080000400000088000000030103005600000000B403F00600000088000000030103002B
:2010A0005F00000000B103F00200000088000000030203001C00000000D303F006000000B3
:2010C00088000000030203005000000000B403F000000000880000000302030053000000A6
:2010E00000B403F00300000088000000030203006000000000B103F0030000008800000027
:20110000030303001500000000A003F00C00000088000000030303001D00000000D303F09E
:201120000700000088000000030303005200000000B403F00200000088000000030303008B
:201140006100000000B103F00600000088000000030403001E00000000D303F00800000006
:2011600088000000030403002200000000D303F00C00000088000000030403005100000006
:2011800000B403F00100000088000000030403006200000000B103F009000000880000007E
:2011A000030503002300000000D303F00D00000088000000030503005B00000000B303F09A
:2011C0000000000088000000030503006300000000B103F00A0000008800000003060300D7
:2011E0006400000000B103F00B00000088000000030603002400000000D203F0000000005F
:2012000088000000030603003E00000000C003F00600000088000000030603005C00000053
:2012200000B303F00100000088000000030703006500000000B103F00C00000088000000D5
:20124000030703003F00000000C003F00700000088000000030703005D00000000B303F0F0
:201260000200000088000000001C00F000C003F00C00000000000000001C00F000C003F05A
:201280000C000000A0000000001C00F000C003F00E00000098000000001C00F000C003F07E
:2012A0000B00000098000000001C00F000C003F00D000000A8000000001C00F0000000000B
:2012C00000C003F00800000098000000001C00F00D00000000B503F0000000009800000062
:2012E000001C00F00100000000C003F00900000098000000001C00F00200000000C003F0CC
:201300000D00000098000000001C00F00300000000B103F00A00000098000000001C00F0C7
:201320000400000000B103F00B00000098000000001C00F00500000000B103F002000000AB
:2013400098000000001C00F00600000000C003F00A00000098000000001C00F0070000007B
:2013600000D303F00500000090000000001C00F00800000000C003F00600000098000000AD
:20138000001C00F00900000000C003F00300000098000000001D00F000B003F00100000039
:2013A00000000000001D00F000B103F00300000001000000001D00F000B003F001000000C7
:2013C00090000000001D00F000B003F00300000098000000001D00F000B103F00900000078
:2013E00098000000001D00F000B003F00200000098000000001D00F000B103F00600000054
:2014000098000000001D00F00000000000C003F008000000A0000000001D00F001000000BE
:2014200000C003F009000000A0000000001D00F00200000000C003F00D000000A0000000E1
:20144000001D00F00300000000B103F00A000000A0000000001D00F00400000000B103F079
:201460000B000000A0000000001D00F00500000000B103F002000000A0000000001D00F05C
:201480000600000000D303F00A00000090000000001D00F00700000000D303F00500000007
:2014A00098000000001D00F00800000000B003F00400000098000000001D00F0090000002A
:2014C00000B003F005000000A0000000001E00F000B503F00400000000000000001E00F0FC
:2014E00000B503F00700000001000000001E00F000C103F00200000002000000001E00F068
:2015000000C103F00300000002000000001E00F000B503F00200000004000000001E00F048
:2015200000B303F00300000098000000001E00F000B503F00500000098000000001E00F009
:2015400000B503F00600000098000000001E00F000B303F00000000098000000001E00F0EB
:2015600000B303F00100000098000000001E00F000B503F00300000098000000001E00F0CD
:2015800000B503F006000000A8000000001E00F000B503F00800000098000000001E00F091
:2015A0000000000000B503F00200000098000000001E00F00100000000B403F00200000031
:2015C00098000000001E00F00200000000B403F00600000098000000001E00F0030000000D
:2015E00000B403F00300000098000000001E00F00500000000B503F0010000009800000055
:20160000001E00F00600000000D303F00D000000A0000000001E00F00700000000C003F07B
:201620000A000000A0000000001E00F00800000000C003F006000000A0000000001E00F083
:201640000900000000C003F003000000A0000000001F00F000A203F0050000000000000082
:20166000001F00F000D303F00D00000003000000001F00F000C203F00100000004000000BC
:20168000001F00F000C103F00200000005000000001F00F000C103F00300000005000000B5
:2016A000001F00F000C203F003000000A0000000001F00F000A203F0060000009800000081
:2016C000001F00F000B003F00600000098000000001F00F000C203F000000000980000005E
:2016E000001F00F000D303F00C00000098000000001F00F000C203F000000000A00000000D
:20170000001F00F000C203F001000000A0000000001F00F000A203F0070000009800000021
:20172000001F00F000C203F00300000098000000001F00F000D303F00B00000098000000D2
:20174000001F00F00000000000A203F00400000098000000001F00F00B00000000D303F069
:201760000A00000098000000001F00F00C00000000C203F00200000098000000001F00F04E
:201780000D00000000C303F00100000098000000001F00F00100000000A203F00000000048
:2017A00098000000001F00F00100000000D303F00900000098000000001F00F00200000009
:2017C00000A203F00100000098000000001F00F00200000000D303F0080000009800000064
:2017E000001F00F00300000000A203F00200000098000000001F00F00400000000A203F000
:201800000300000098000000001F00F00500000000A203F00800000090000000001F00F0DD
:201820000600000000A003F00800000090000000001F00F00700000000A003F009000000C5
:2018400090000000001F00F00700000000D303F00700000098000000001F00F00800000066
:2018600000B003F00500000098000000001C00F000000000001D00F001000000001E00F000
:2018800002000000001F00F003000000040017B7D138000000000000030017B7D13800007F
:2018A00000000000020017B7D138000000000000030000008C180080013B050017B751398F
:2018C00012011202FF0F3F0312221402FFFFFF0F020000000F000000010000000F0000001A
:2018E000000000003F000000000000003F000000D5140000FF7F0000002D3101006003F051
:201900000000000000B503F00400000000000000006003F00100000000B403F0030000001D
:2019200000000000006003F00700000000C003F00900000000000000006003F00600000038
:2019400000B103F00A00000003000000006003F00400000000B503F00500000003000000CF
:20196000006003F00200000000A203F00100000001000000006003F00300000000B403F07E
:201980000100000001000000006003F00700000000B503F00100000002000000006003F0ED
:2019A0000500000000B503F00800000000000000006003F00200000000B003F00200000078
:2019C00000000000006003F00300000000B003F00300000000000000006003F003000000B5
:2019E00000A203F00000000002000000006003F00200000000A003F0040000000200000062
:201A0000006003F00400000000D303F00700000000000000006003F00600000000C003F096
:201A20000000000000000000000000F000000000000100F0010000000000000000000000C4
:201A400000000000000000000000000000000000000000000000BD3786350000BD37863528
:201A6000000000000000000000000100010000000000010000000000000001000000000062
:201A80000000000000000000000000000000BD430000BD4398B6008000003333B33F000020
:201AA000000000000000000000000A000000CDCC4C3E42000000CDCC4C3E000062B80080FA
:201AC00001003333B33F3333B3BF0000000000000000780000000000000032000000CDCC92
:201AE0004C3F000062B8008001003333B33F3333B3BF000000000000000078000000000018
:201B0000000032000000CDCC4C3E00000AB7008000003333B33F00000000000000000000D7
:201B20000000000000000000000032000000CDCCCC3E0000D0B7008001003333B33F33330A
:201B4000B33F0000000000000000780000000000000032000000CDCC4C3E000028B9008065
:201B600000003333B33F00000000000000000000000000000000CDCCCC3D32000000000039
:201B8000003F00000AB7008000003333B33F0000000000000000000000000000000000006D
:201BA000000032000000CDCCCC3E0000D0B8008001003333B33F3333B33F32000000000065
:201BC0000000140000000000000032000000CDCCCC3E0000D0B6008000003333B33F0000BE
:201BE0000000000000000000000000000000CDCCCC3D32000000CDCC4C3E0000D0B70080E7
:201C000001003333B33F3333B33F00000000000000006400000000000000210000009A995B
:201C2000193F0000D0B7008001003333B33F3333B33F000000000000000064000000000030
:201C4000000021000000CDCC4C3E0000D0B7008001003333B33F3333B33F00000000000088
:201C600000006400000000000000210000000000003F0000D0B7008001003333B33F3333DA
:201C8000B33F00000000000000006400000000000000210000000000003F0000D0B7008087
:201CA00001003333B33F3333B33F0000000000000000640000000000000021000000CDCC55
:201CC0004C3F0000D0B7008000003333B33F00000000000000000000000000000000CDCC81
:201CE000CC3D320000006666663F000062B8008001003333B33F3333B3BF0000000000006D
:201D00000000640000000000000021000000CDCC4C3E000062B8008001003333B33F3333C2
:201D2000B3BF00000000CDCC4C3D780000000000000032000000CDCC4C3E00000AB7008001
:201D40000000CDCCCC3F00000000000000000000000000000000CDCC4C3E32000000CDCCF1
:201D60004C3E00000AB700800000CDCCCC3F000000000000000000000000320000000000C2
:201D8000000032000000CDCCCC3E000062B800800000CDCCCC3F0000000000000000000030
:201DA000000032000000CDCCCC3D00000000CDCCCC3D000062B800800000CDCCCC3F00006F
:201DC0000000000000000000000032000000CDCCCC3D00000000CDCC4C3F000048B900808A
:201DE00000003333B33F00000000000000000000000000000000CDCCCC3D32000000CDCC1E
:201E0000CC3D000062B8008001003333B33F3333B3BF0000000000000000000000000000EE
:201E2000000032000000CDCC4C3E000062B8008000003333B33F000000000000000000005B
:201E4000000000000000CDCCCC3D000000009A99193F000062B8008001003333B33F3333FC
:201E6000B3BF0000000000000000000000000000000032000000CDCCCC3D000008B90080DB
:201E800000003333B33F0000000000000000CDCCCC3D00000000CDCCCC3D32000000CDCCDB
:201EA0004C3E000098B6008000003333B33F00000000000000000000000000000000CDCCD9
:201EC0004C3E3200000000000000000062B8008001003333B33F3333B3BF0000000000007B
:201EE0000000000000000000000032000000CDCC4C3E0000D0B7008000003333B33F00002E
:201F00000000000000000000000000000000CDCCCC3D32000000CDCCCC3D000048B90080CA
:201F200001003333B33F3333B3BF0000000000000000000000000000000032000000666672
:201F4000663F0000D0B7008000003333B33F00000000000000000000000000000000CDCCE4
:201F6000CC3D32000000000000000000D0B6008001003333B33F3333B3BF000000000000EF
:201F800000000000000000000000210000006666663F000062B8008000003333B33F0000BD
:201FA0000000000000000000000000000000CDCCCC3D000000006666663F000062B8008074
:201FC00000003333B33F00000000000000000000000000000000CDCCCC3D00000000000007
:201FE0000000000062B8008001003333B33F3333B3BF00000000000000000A00000000000C
:20200000000021000000CDCCCC3D000048B9008000003333B33F0000000000000000000024
:20202000000000000000CDCCCC3D32000000CDCC4C3E00000AB7008000003333B33F000010
:202040000000000000000000000000000000CDCC4C3E32000000CDCCCC3D000062B80080EF
:2020600000003333B33F00000000000000000000000000000000CDCCCC3D000000009A9933
:20208000193F000062B8008001003333B33F3333B3BF00000000000000000000000000001D
:2020A000000032000000CDCC4C3E000048B9008001003333B33F3333B3BF00000000000019
:2020C0000000000000000000000032000000000040400000D0B6008001003333B33F333389
:2020E000B3BF0000000000000000000000000000000021000000CDCC4C3E0000D0B6008024
:2021000001003333B33F3333B3BF00000000CDCCCC3D000000000000000021000000CDCC32
:20212000CC3D00000AB7008000003333B33F00000000000000000000000000000000CDCC64
:202140004C3E32000000CDCCCC3E000062B8008000003333B33F000000000000000000002E
:20216000000000000000CDCCCC3D000000009A99193F000062B8008000003333B33F000040
:202180000000000000000000000000000000CDCCCC3D320000009A99193F000062B8008046
:2021A00000003333B33F00000000000000000000000000000000CDCCCC3D32000000CDCC5A
:2021C0004C3E000062B8008000003333B33F00000000000000000000000000000000CDCCEA
:2021E000CC3D32000000CDCC4C3E000062B8008001003333B33F3333B3BF000000000000B6
:20220000000000000000000000000F0000009A991940000060DA00806CDA008078DA0080D1
:2022200084DA008090DA00809CDA0080A8DA0080B4DA0080C0DA0080CCDA0080D8DA00805E
:20224000E4DA0080F0DA0080FCDA008008DB008014DB008020DB00802CDB008038DB008039
:2022600044DB008050DB00805CDB008068DB008074DB008080DB00808CDB008098DB008016
:20228000A4DB0080B0DB0080BCDB0080C8DB0080D4DB0080E0DB0080ECDB0080F8DB0080F6
:2022A00004DC008010DC00801CDC008028DC008034DC008040DC00804CDC008058DC0080CE
:2022C00064DC008070DC00807CDC008088DC008094DC0080A0DC0080ACDC0080B8DC0080AE
:2022E000C4DC0080D0DC0080DCDC0080E8DC0080F4DC008000DD00800CDD008018DD00808B
:2023000024DD008030DD00803CDD008048DD008054DD008060DD00806CDD008078DD008065
:2023200084DD008090DD00809CDD0080A8DD0080B4DD0080C0DD0080CCDD0080D8DD008045
:20234000E4DD0080F0DD0080FCDD008008DE008014DE008020DE00802CDE008038DE008020
:2023600044DE008050DE00805CDE008068DE008074DE008080DE00808CDE008098DE0080FD
:20238000A4DE0080B0DE0080BCDE0080C8DE0080D4DE0080E0DE0080ECDE0080F8DE0080DD
:2023A00004DF008010DF00801CDF008028DF008034DF008040DF00804CDF008058DF0080B5
:2023C00064DF008070DF00807CDF008088DF008094DF0080A0DF0080ACDF0080B8DF008095
:2023E000C4DF0080D0DF0080DCDF0080E8DF0080F4DF008000E000800CE0008018E0008072
:2024000024E0008030E000803CE0008048E0008054E0008060E000806CE0008078E000804C
:2024200084E0008090E000809CE00080A8E00080B4E00080C0E00080CCE00080D8E000802C
:20244000E4E00080F0E00080FCE0008008E1008014E1008020E100802CE1008038E1008007
:2024600044E1008050E100805AE1008064E100806EE1008078E1008082E100808CE100800E
:2024800096E10080A0E10080AAE10080B4E10080BEE10080C8E10080D2E10080DCE100806C
:2024A000E6E10080F0E10080FAE1008004E200800EE2008018E2008022E200802CE20080C7
:2024C00036E20080808903F0848903F0888903F08C8903F0908903F0948903F0988903F02C
:2024E0009C8903F0A08903F0A48903F0A88903F0AC8903F0B08903F0B48903F0B88903F0AC
:20250000BC8903F0A08A03F0A48A03F0A88A03F0AC8A03F0B08A03F0B48A03F0B88A03F064
:20252000BC8A03F04E414E006E616E00494E4600696E66000001020301000203010200031C
:20254000010203000002020202020202020203010101010202020202020202020202020242
:2025600002020202020440404040404040404040404040404020202020202020202020400D
:202580004040404040408888888888880808080808080808080808080808080808080808EB
:2025A0004040404040409090909090901010101010101010101010101010101010101010FB
:2025C0004040404002000000000000000000000000000000000000000000000000000000F9
:2025E0000000000000000000000000000000000000000000000000000000000000000000DB
:202600000000000000000000000000000000000000000000000000000000000000000000BA
:2026200000000000000000000000000000000000000000000000000000000000000000009A
:20264000000000000066696C653A2025730066696C653A206D646B2F2573006C696E653A09
:20266000202564000D0A66696C65202573206C696E652025643A2025732E0D0A000D0A661D
:20268000696C65202573206C696E652025642E0D0A00417373657274206572726F72004C8A
:2026A0006F67206D657373616765002E2E2F6C69627261726965732F7A665F636F6D6D6F6E
:2026C0006E2F7A665F636F6D6D6F6E5F6669666F2E6300524D4300474741005448530069F8
:2026E0006D7536363072632073656C6620636865636B206572726F722E002E2E2F6C696265
:202700007261726965732F7A665F6465766963652F7A665F6465766963655F696D75363661
:202720003072632E6300494D5536363052435F4143435F53414D504C455F44454641554C90
:202740005420736574206572726F722E00494D5536363052435F4759524F5F53414D504CA9
:20276000455F44454641554C5420736574206572726F722E002E2E2F6C69627261726965F7
:20278000732F7A665F6472697665722F7A665F6472697665725F656E636F6465722E630002
:2027A0002E2E2F6C69627261726965732F7A665F6472697665722F7A665F647269766572DD
:2027C0005F657874692E63002E2E2F6C69627261726965732F7A665F6472697665722F7A64
:2027E000665F6472697665725F70776D2E63002E2E2F6C69627261726965732F7A665F642A
:2028000072697665722F7A665F6472697665725F7370692E63002E2E2F6C696272617269EA
:1E28200065732F7A665F6472697665722F7A665F6472697665725F756172742E630022
:1228400073646820737468A0036568CA0BC30030009010
:202858000F05D011174580010B00D0010F00B02142218B0101110F2010006B050020009072
:202878003256FF0626003B00FEFF3FF617000F6510308B0602601745802600903256FF0643
:2028980018003B00FEFF3FF60F000F6500308B060260174580260090A2F63705C13F0F651B
:2028B80010200090A2F682030F6500200090DA207FF60700174580360F6400200090A2F6BC
:2028D80082020F6400300090820C822D3C130757FFCF8755BFDFCE57460546048B148040DE
:2028F8008B05A050CE77460746068B1680608B07A07082028203820082013A260B2700F2AD
:202918006E023C4F0B6430F10B7500F20B75A0F26E04024002513C453A640B7500F26E0387
:2029380082123C3F3B0004E00B6030F10B7100F20B71A0F2DE1087559FFF06116701801FC3
:202958008B1FE0060248025906156745805F0614C2FE3CEB0284029506F067101F0006F1E3
:20297800C21E82087AE86E1D87559FFF06116701801F8B1FE0060B60C0A00B71D0B007BB37
:202998009FFF06156745805F061406136723803F8B1FE0266E0302A002B1C2183FE8E67F83
:2029B80076C7460346028B1280208B03A030DF2D0B00071DE0FF76F7460146008B10800067
:2029D8008B01A01000903B00034040F440C5007074DF3B00034040C4007061000E00370AF7
:2029F8006800DA0A4BF011020070610006003BE0024040C4007054DFC21F74DF00706D0039
:202A1800BC300090FF440B00538420F0910000F8D9FF1CB010FFD4F23C02A0023C0100903E
:202A3800094F4C18161F3C0182003E0E82103E0E82203E0F8240BE003B800000BE003B0081
:202A58000100BE003C1282023C126D009E203C0F6D00E71F3C0C6D000B203C096D006F1F76
:202A78003C066D00581F3C0382023C013C01009082F282003C17538020F0910000F8D9FFBE
:202A98001CB010FFD4FF7D4F0D80538020F0910000F8D9FF1CB010FF481F370F48203C04A3
:202AB800C210BF40EAFF3C010090404F40F46DFFB9FF09FFD408370F6CF0C21F4B0F41F19D
:202AD8004BF251203C0100906DFFD4FF53C220F060FF9140003F30F3D93F002849F2080AE0
:202AF8003C0100906DFFC6FF53C220F060FF9140003F30F3D9320028B0423C0100906DFFAB
:202B1800B9FF53C220F060FF9140003F30F3D93200283C010090494F081A3C0554FF345F4D
:202B3800B015C2F4FF14FCFF02423C0100902010404F0B541088026A89A7080909FF4C1814
:202B5800161F78033C0140F46DFFB1FFC2188B4860F3370F68F074AF8B1A60F3370F68F0C9
:202B7800780154AF4B0F61F14BF941503BF026F19B3FA8F34BF5413082044B5251004B0019
:202B9800716182108F461FF06E0D7B0018144B1941104B1251104B0171118F411FF06E0223
:202BB8003C010269821882074B0061014B0241F04B0661014B0F51006B0031F582014B1F2B
:202BD80001F0AE046B0031B53C056B0031F567FFBFBF4B3B01F016038B0F20F26E028214F1
:202BF800822D3C39DF2D05808210821E3C0773D70A004B8011028B1000E03C234B0D61A12D
:202C18004BA241A0036D0AC04B0C61F14BFA51C06B0C31F5820A4BAF01F0AE046B0C31A582
:202C38003C056B0C31F567FFBFAF4BAB01F0370F61F16E0602AB02D8036D0A900207C2106B
:202C58007F0EDEFF4B3B01F016038B0F20F26E023C09C21DF647736D0AF03BF0FF007FF072
:202C7800C3FF820440F46D00360009FFE00837097000370F0CF089FFA00809FFE2083708DA
:202C98007000370F0CF089FFA20809F0560854AFC2FF370F68F037F004F089FF160809F0C5
:202CB8005708580137F004F089FF170858026E03DA013C02DA0009F0570837F081F389FF49
:202CD800170840F409A40C096D00050082123C010090094F4C18374F05F0894F0C18F64982
:202CF8003C01094F4F18370FE1F33C01EEFB3C093C01094F4F18370FE1F33C01DF1FFBFFF0
:202D18000090494F041A3C0A145F74FFB015C2F43C010C4E161FFF1FFE7FFF14F7FF0242FA
:202D38003C0100902008F4A4405DD4DFF44F40F46D00E00B820440F46DFFCDFFDA0009F00A
:202D58005A0837F002F089FF1A0809DFC80809F0D408C2FF370F70F037F00CF0ACFA09D49C
:202D78006C0840F46DFFB7FF09D4040909D54A0809D64D0809D74C0840F46DFFDAFE02284D
:202D9800820440F46DFFA7FF09DF7C086E0382103C028200087F370F01F22CF709DF5608F7
:202DB8006E03DA013C02DA0009F05B0837F001F389FF1B0809DF540809F05B0837F081F33A
:202DD80089FF1B0809DF510809F0590837F083F089FF190809DF530809F05B0837F001F299
:202DF80089FF1B0809DF550809F05C0837F004F089FF1C0809D0580808CF370F02F32CFC34
:202E180009DF590809F0500837F002F389FF100809DF500809F0D80837F003F3ACFC09D08D
:202E38005A0808DF8BF0200337006800370F04F02CFD09DF5B0809F051088BFF20F3370F11
:202E580068F037F004F089FF110809DF520809F05A0837F002F089FF1A0809DCA809BD0C87
:202E78007900D4CEBD0E280009C0040809C95D084CE16E2109E4840909E4480837006850BE
:202E98006D00460E09E4840909E4480802956D00710ED4E2DA016E0382103C0282000C2798
:202EB800370F81F22C27D4E20CEC0920460837F002F02C2609CE8809BD0E1E0009C00C0830
:202ED80009C95D084CE16E1709E4840909E44808370068506D001C0E09E4840909E44808FD
:202EF80002956D00470ED4E20CEC0920440837F003F02C2409CE9009BD0E150009C554085A
:202F180009C95D0809E4840909E448080CECA6F56D00FE0D09E4840909E4480802956D00E5
:202F3800290E09CE9809BD0E150009C55C0809C95D0809E4840909E448080CECA6F56D00CA
:202F5800E70D09E4840909E4480802956D00120E09D46C0840F46DFFBEFEDA0089FF001962
:202F780082FF6CFFDA00D4A22C2E09DF6D082E0CDA016E03DA013C02DA0009F0421837F053
:202F980001F089FF021809DF6D082E1CDA016E03DA013C02DA0009F0421837F001F189FFAC
:202FB800021809DF6D082E2CDA016E03DA013C02DA0009F0431837F001F189FF031809DFF1
:202FD8006D082E3CDA016E03DA013C02DA0009F0431837F081F189FF031809DF6D082E4C54
:202FF800DA016E03DA013C02DA0009F0431837F001F389FF0318DA002C2DDA002C2C09DF1B
:203018007D082C2FD20089205409DA006C240C2F82003E0482103E043C0682193C063BC089
:2030380000903C0382093C014CDC6E0C09D4B00909D4AE0802956D00922AD4A48942840986
:203058003C0909D4AE0802956D00752AD4A4894284094CDE6E0C09D4B80909D4B40802959B
:203078006D007D2AD4A4894288093C0909D4B40802956D00602AD4A48942880909D96608C0
:2030980009DFE208EE03DF39228040F46DFF2CFD09DFE2081420370F68F037F008F0342FAC
:2030B8000C21379F82F12C210C2396022C23DA016E03DA013C02DA0009F0431837F001F272
:2030D80089FF03180C2196042C2109DFE008EE03DF39228040F46DFF14FD09DFE0081420F1
:2030F800370F68F037F008F0342F0C21379F82F12C210C2396022C23DA016E03DA013C025A
:20311800DA0009F0431837F081F389FF03180C2196042C2109DFE4086E2140F46DFFD6FC42
:2031380009DFE4081420370F68F037F008F0342F0C21379F82F12C210C2396022C23DA019B
:203158006E03DA013C02DA0009F0421837F001F089FF02180C2196042C21DA016E03DA01AB
:203178003C02DA0009F0500837F081F089FF1008DA016E0382103C02820008CF370F81F06A
:203198002CFC09FF5008960189FF100808CF96012CFC02823C010090F445DA00894F3C0842
:2031B800DA01894F2C08DA01AC447B107EF46C41DA032C4ADA002C4CDA032C4DDA00894FEE
:2031D8001008DA01894F1108DA01894F1208DA00894F1308DA00894F1608DA00894F1408BB
:2031F800DA07894F1508DA01894F1808DA01894F1908DA00894F1A08DA00894F1B08DA00B7
:20321800894F1C08DA00894FA208DA00894FA008DA00894FA408DA00894F2608DAFF894FF5
:203238002D08A00FEC4AA00FEC4EA00FEC4CDA00894FAE08DA00894FB408DA00894F3D08BF
:203258000090D44F09FF760816013C016E0909FF7E08960189FF3E080C4E96012C4E09FFEC
:203278007608370F61F13C016E0909FF7E08960489FF3E080C4E96022C4E09FF7708370F3D
:2032980061F13C016E0909FF7F08960489FF3F080C4E96042C4E09FF7708370FE1F13C01CE
:2032B8006E0909FF7F08960889FF3F080C4E96082C4E09FF7708370F61F33C016E0909FF34
:2032D8007F08964089FF3F080C4E96102C4E0090404F6D002922022F02F46D0025218210ED
:2032F80074F002F46D0040223C0114FF370FE1F0BA0F3C01DF1FFB7F0090404F6D001422E6
:20331800022F02F46D00102114F0B700010034F002F46D0029223C0114FF370FE1F0BA0F12
:203338003C016EFB0090FF240B00538420F0910000F8D9FF20D010FFD4F23C02A0023C01E7
:20335800009082F282003C17538020F0910000F8D9FF20D010FFD4FF7D4F0D80538020F02A
:20337800910000F8D9FF20D010FF481F370F48203C04C210BF20EAFF3C01009002486DFF63
:20339800E2FF914000FFD9FF6008530221F010FF534820F010F23C0100907643DF14098000
:2033B800094F6C28375F02F0894F2C283C42DF240400DF340980094F6C28375F02F1894FE7
:2033D8002C283C37DF440400DF540980094F6C28375F02F2894F2C283C2CDA0C7E48094F1D
:2033F8006C28375F02F3894F2C283C23DA0A3E43DA0D7E48094F6D28375F02F0894F2D2857
:203418003C18DF640400DF740980094F6D28375F02F1894F2D283C0DDA083E43DA097E4825
:20343800094F6D28375F02F2894F2D283C0200A00090404F0B451088026A6D00A61B022B24
:203458004B8B51406D00B52A022082033C0782224B200102F6023C05C213DA103FF3F9FF83
:20347800DA107FF34B8076A682204B0911029AF03C029AF9370F700009F1E40837011000A9
:2034980089F0A408DA018200820137F101133701011789F138198F7300F182005380201040
:2034B80082700F10000009F2301982F4C64026020F1F00F0A6F289F230198F8300F18B0FE4
:2034D80020F26E0DDA00538F20F0C23F82100FF0000009FF3019A60F89FF301909FF701882
:2034F80037AF81F389FF3018DA010F3F00F04B0F61F14BFB51203C0282023C010090094036
:2035180054080C5C8B4FA0F237F001F3894F1408094051080C5C37F002F3894F11080090AD
:20353800404F024F02586D00301B02294BF951406D003F2A022082033C0782224B200102AF
:20355800F6023C05C213DA103FF3F9FFDA107FF33F80C2F83708700009F1D418370110007F
:2035780089F09418820082118202370201233712012789F238198F7300F182105380201053
:2035980082700F10000009F2301982F4C64026020F1F00F0A6F289F230198F8300F18B0F03
:2035B80020F26E0DDA01538F20F0C23F82100FF0000009FF3019A60F89FF3019DA010F3F07
:2035D80000F04B0F61F14BF951203C0282023C010090094054080C5C8B4FA0F237F081F3DF
:2035F800894F1408094054080C5C37F002F0894F14080090404D405FC86C89DC900914CFD4
:20361800370FE1F0BA0F3C01EE0440C46DFF77FE09FF5C081E1409FF5D086E5CDA0182105C
:203638000FF000004CC1260F6E03DA013C02DA003C01EE08DA0182100FF000004CC1A60F6C
:203658006CC109FF69086E2248BF6E05C864C8B56DFFC1FFDA0109F07008532F2010C221EC
:2036780082320F1200204CC582F3C632262F0F100000A60F6CC5483F370F70F009C0D41883
:2036980037F010F089CF94183C064824483540C46DFF48FF09FFF80809C0D01837F010F025
:2036B80089CF901809FF5D186E1409FF5D08EE1109FF7A0809C0741837F003F189CF3418E9
:2036D80009FF7B0809C0741837F082F289CF34183C0109FF5C086E0709FF5D18EE0409FF1E
:2036F8005D086E644818820182100F1000004CC126F07603DA013C02DA003C01EE088200A3
:2037180082110F0100104CC1A61F6CC109FF5D186E0B09FF5D08EE08484F6E0609FF7A08F1
:203738005E5248483C0109FF60086E31489F6E05C864C8956DFFE5FEDA0009F06808532FEE
:2037580020F09221DA030F1F00204CC582F3C632262F0F100000A60F6CC509FF740809C03E
:20377800701837F081F389CF301809FF74085E16DA024BF811028BF01F80370870F009C0C2
:20379800E40837F010F089CFA4083C0854F409F6740840C402856DFF4EFE09FFF60809C0E1
:2037B800E00837F010F089CFA00809FEA019BD0E2300D4ECBCCF09EF080809C4840909C4BA
:2037D8004808370F68506D00A309D4C440C56DFF98FE09EC8409BCCF09EF080809C484095C
:2037F80009C44808370F68506D009209D4C440C56DFFF1FE09FFFE086E2CC86209F07C0847
:20381800DA010F0F00F009203029A6F089203029C86409F47C0809F57D086DFFC0FDC86408
:2038380009F47D086DFFACFD09F0401809FFFE081421370F68F037F108F0342F0C21370FB1
:2038580082F12C210C2396022C230C2196042C2109FFC4186E2CC86209F04218DA010F0F72
:2038780000F009203029A6F089203029C86409F4421809F543186DFF92FDC86409F44318CB
:203898006DFF7EFD09F0461809FFC4181421370F68F037F108F0342F0C21370F82F12C2165
:2038B8000C2396022C230C2196042C2109FFCA186E2CC86209F04818DA010F0F00F00920AD
:2038D8003029A6F089203029C86409F4481809F549186DFF64FDC86409F449186DFF50FDE7
:2038F80009F04C1809FFCA181421370F68F037F108F0342F0C21370F82F12C210C23960219
:203918002C230C2196042C2109FFD0186E2CC86209F04E18DA010F0F00F009203029A6F018
:2039380089203029C86409F44E1809F54F186DFF36FDC86409F44F186DFF22FD09F052185C
:2039580009FFD0181421370F68F037F108F0342F0C21370F82F12C210C2396022C230C2193
:2039780096042C2109FF5C0889DF140849FF141A49D2180AA02444FF642FFC4E00902068A9
:20399800910000F8D9FF3CB049FF000A49A2000AC506180044FF642FFC6E49AF000A4942CB
:2039B800000AC506180044FF642FFC6E894598090090404F09FF5408DF1F3780C842DA0037
:2039D8008210820137F10113370101178921381909FF6108EE28487F6E1BC842821009FFB8
:2039F8006008532020008B80001082300F1000000922341982F3C63026020F1F00F0A6F207
:203A180089223419C844C8756DFFE5FD3C0BC842DA008210820137F181103701811489218F
:203A380038193C013C0109FF54086E0409FF61086E32C842DA018200820137F1011337015E
:203A5800011789213819486F6E1BC842820009FF6008532020008B80001082300F10000080
:203A78000922341982F3C63026020F1F00F0A6F289223419C844C8656DFF43FD3C0BC84F32
:203A9800DA018200820137F181103701811489F138193C010090404F40F46D002F008250DF
:203AB8004DC0E1FF16073C013E289110003030F3D933C04F54313C034D00D01F3701E2F028
:203AD8005E1382003C173701E2F0EE13534220F060FF9130003F30F3D93F1436081F1607B0
:203AF8005E1382103C05081F16075E3282203C02825002023C010090822282003C175380C7
:203B180020F0910000F8D9FF30D010FFD4FF7D4F0D80538020F0910000F8D9FF30D010FF8E
:203B3800481F370F68203C04C210BF20EAFF3C010090404F024F40F46DFFE0FF02286E0397
:203B58001E325E4382093C0282195E23821A3C02820ADF1949804DC0E1FF16073C015F8F1B
:203B780028006D00F51D022802846D00051D913000CFD9CC143640F46DFFC0FF534220F0C4
:203B980010C2142F37AF02F0342F02846D00131E9110003030F3D933C04F543FB72F82F09F
:203BB8009110003030F3D933C04F743F3C1C6D00BB1D022B02B46D00B71C913000FFD9FFD3
:203BD8001436534820F010FF9130002FD9221436534820F01022142F37AF02F034FF02B4B3
:203BF8006D00C21D02923C01009082124DC0E1FF16073C01FF2F0B80538F20F0910000F8F1
:203C1800D9FF30D010FFD4FF3C02A00F3C017DF4048082023C109110003030434933088A91
:203C3800543F06F4374F9FF09110003030434933088A743F3C010090404FDA0140F46DFFEE
:203C5800D6FF262F40F46DFF28FFF626821440F46DFF71FF262F02F23C010090913000FFC3
:203C7800D9FF004654FF370F6EF18FFF83813C01911000A7D9AA408F0D0080043B0098F059
:203C9800CD4FE00F0D00C0044D00E0FFB70F14F0CD0FE00F0D00C00482117617DA0096010D
:203CB800CD4F20090D00C0044DC0E1FF8F7F00213C01913000FFD9FF004653C220F010FF6B
:203CD80054F037006E018FF083313C01913000FFD9FF004653C220F010FF54FF2E1B8F2312
:203CF80020F0960154F0370070088F002100A6F074F08F2320F0960254F0370070088F008C
:203D18002100A60F74FF3C0154FF1601DF1FFE7FDA00761382003C028210370F81F0CDCF18
:203D380020090D00C004913000FFD9FF004653C220F010FF54FF2E1B8F2320F0960154F026
:203D5800370070088F002100A60F74FF86238F3340F154F0370070088F002100A60F74FF5D
:203D78003C0154FF6F0FFF7F0D00C00482114DC0E1FF8F7F00213C01913000FFD9FF004604
:203D980053C220F010FF54F037006E018FF083313C01913000FFD9FF004653C220F010FF6B
:203DB80054FF2E1B8F2320F0960154F0370070088F002100A6F074F08F2320F0960254F0BB
:203DD800370070088F002100A60F74FF3C0154FF1601DF1FFE7FDA00761382003C0282106D
:203DF800370F81F0CD0F04090D00C004913000FFD9FF004653C220F010FF54FF2E1B8F23DA
:203E180020F0960154F0370070088F002100A60F74FF86238F3340F154F0370070088F00FA
:203E38002100A60F74FF3C0154FF6F0FFF7F0D00C004913000FFD9FF004654FF2E1B8F2893
:203E580020F0960154F0370070088F002100A60F74FF8F2820F0960254F0370070088F00F7
:203E78002100A60F74FF3C0154FF1601DF1FFE7F910000F8D9FF004080FFCD4FE20F0D0085
:203E9800C00491F000F8D9FF000480FFCD0FE20F0D00C004911000F7D9FF80CF80FFCD8F3A
:203EB800E20F0D00C004913000FFD9FF004654FF2E1B8F2820F0960154F0370070088F00CE
:203ED8002100A60F74FF8F2820F0960354F0370070088F002100A60F74FF3C0154FF6F0F48
:203EF800FF7F91000000D900000091000010D911000091000080D988000091000090D99932
:203F18000000911000F7D9FFC00F91100027D922C001A004802080FFA2F0DA404BF01142C9
:203F380082003C1E80FFB70F1CF08F4F1F1080FFBBF0FF2F0662262F06AFA6F1F606CD8184
:203F5800E30F0D00C0043C0274419AD47E05CDC1E30F0D00C00440F449FF001AC2103F406A
:203F7800E3FFDA00744F6D00F31B022F02846D00321B02F46D00731B6DFF43F56D00E81BB9
:203F9800913000FF19FF30366F1F12008F2220F09601913000FF19F03036370070088F0066
:203FB8002100A60F913000FF59FF303686228F2240F1913000FF19F03036370070088F009E
:203FD8002100A60F913000FF59FF30363C01913000FF19FF30361601DF1FFB7FDA009130D0
:203FF80000FF59FF181691000048D944B0216D004A169130884F910000F8D9FF280480F4F7
:204018006DFF1CFE911000F8D9FF565ADC0F0090913000FFD9FF0C4654FF370F6EF18FFFF6
:2040380083113C01912000A6D9AA408B0D0080043B0098F0CD4FE00F0D00C0044D00E0FF96
:20405800B70F14F0CD0FE00F0D00C00482127627DA009601CD4F20090D00C0044DC0E1FF3D
:204078008F7F00313C01913000FFD9FF004653C320F010FF54F037006E018FF083413C012F
:20409800913000FFD9FF004653C320F010FF54FF2E1B8F2420F0960154F0370070088F007D
:2040B8002100A6F074F08F2420F0960254F0370070088F002100A60F74FF3C0154FF160100
:2040D800DF1FFE7FDA00762382003C028210370F81F0CDCF20090D00C004913000FFD9FFA3
:2040F800004653C320F010FF54FF2E1B8F2420F0960154F0370070088F002100A60F74FF6C
:2041180086248F3440F154F0370070088F002100A60F74FF3C0154FF6F0FFF7F0D00C004C1
:2041380082124DC0E1FF8F7F00313C01913000FFD9FF004653C320F010FF54F037006E016D
:204158008FF083413C01913000FFD9FF004653C320F010FF54FF2E1B8F2420F0960154F07A
:20417800370070088F002100A6F074F08F2420F0960254F0370070088F002100A60F74FFA8
:204198003C0154FF1601DF1FFE7FDA00762382003C028210370F81F0CD0F04090D00C004AF
:2041B800913000FFD9FF004653C320F010FF54FF2E1B8F2420F0960154F0370070088F005C
:2041D8002100A60F74FF86248F3440F154F0370070088F002100A60F74FF3C0154FF6F0F07
:2041F800FF7F0D00C004913000FFD9FF0C4654FF2E1B8F2120F0960154F0370070088F00F9
:204218002100A60F74FF8F2120F0960254F0370070088F002100A60F74FF3C0154FF160173
:20423800DF1FFE7F91F000F8D9FF000680FFCD4FE20F0D00C00491F000F8D9FF000480FF63
:20425800CD0FE20F0D00C004912000F6D9FF80CB80FFCD8FE20F0D00C004913000FFD9FFA9
:204278000C4654FF2E1B8F2120F0960154F0370070088F002100A60F74FF86218F3140F17E
:2042980054F0370070088F002100A60F74FF3C0154FF6F0FFF7F91000000D90000009100B4
:2042B8000010D911000091000080D988000091000090D9990000912000F6D9FFC00B9120EC
:2042D8000026D922C00DA004802080FFA2F0DA404BF0114282003C1E80FFB70F1CF08F4FD0
:2042F8001F1080FFBBF0FF2F0662262F06AFA6F1F606CD81E30F0D00C0043C0274419AD4A8
:204318007E05CDC1E30F0D00C00440F449FF001AC2103F40E3FFDA00744F911000F8D9FFDA
:20433800848ADC0F0090DA000950DA08370F0EF009505C08370F03F809505D08370F81F907
:2043580009505E08370F01FA09505F08370F83FA09506108370F01FE09506008370F03FCB5
:204378006C45820109506408370103100950650837018111095066083701041409506B086E
:204398003701011A09506708370103120950680837018113095069083701041609506C081F
:2043B8003701811A09506A083701041809506D083701011B09506E083701011C09506F08DD
:2043D8003701811C095F70086E0382203C028200095F71086E03DA013C02DA00A6F037012A
:2043F800021D095F720837F1041E095F730837F1811B89411009095F06096C42095F0A0930
:204418006C43095F16096C41095F1209744F095F6A086E0A095F6A081E17095F6A081E24DE
:20443800095F0E096C460090F4450090404F405CD4C2D42DF4FD09CF04082CF409CF04083F
:20445800530F22F010D2D9220002E822C82440C56DFF6BFF820009CF63086E05DA0137F0E6
:2044780001083C04DA0137F0810809FF0408534F20F010D25920C08109CFF4086E22D4F2C4
:2044980009FF0408BC21534F20F060FF9140003F30F3D93F40483C0109C0760809CFF408D7
:2044B80014F1370F68F037F108F034FF081F370F82F12CF1083F96022CF3081F96042CF115
:2044D80000902038910000F8D9FF00E049FF000A49A2000AA0D644FF642FFC6E49AF000A9C
:2044F8004942000AA0D644FF642FFC6EF4450090404F6D001919022F02F46D00151814F09D
:20451800B700010034F002F46D002E190090404C025809C488090CCC3704685002F46D00FB
:20453800F70209C4880909C44C0802856D0022030CC482203E0B8230BE018240BE0782504D
:20455800BE0D82605F0F23003C29D4CF09C05008084F370F81F02CF43C22D4CF09C050088C
:20457800084F370F02F22CF43C1AD4CF09C05008085F370F02F02CF53C12D4CF09C0500886
:20459800085F370F81F12CF53C0AD4CF09C05008085F370F81F22CF53C023C010090404CE1
:2045B800025809C488090CCC3704685002F46D00AF0209C4880909C44C0802856D00DA02FD
:2045D8000CC482203E0B8230BE018240BE078250BE0D82605F0F23003C29D4CF09C05008D7
:2045F800084F370F01F02CF43C22D4CF09C05008084F370F02F12CF43C1AD4CF09C0500809
:20461800084F370F02F32CF43C12D4CF09C05008085F370F01F12CF53C0AD4CF09C05008F4
:20463800085F370F01F22CF53C023C010090404F6D007A18022F02F46D00761791A0003086
:2046580030F3D933C04F5430B700010091A0003030F3D933C04F743002F46D0085180090F5
:204678006D007B12913000FF39FF3506370F64F24B0F41F14BF251203C013C0100903704DA
:204698006800DA084BF00102DA0203F10AF6370F68F0DF15068082220FF210203C048212E9
:2046B8000FF210203C010090404F026F82066DFFE8FF6E04681268223C0268120090404FBC
:2046D800026F82066DFFDDFF6E04684268523C0268420090404F3B0001606DFFD2FF74F265
:2046F8000090404F024F0269820602F46DFFC9FF02283B0001600BF910486DFFC2FF8F0235
:2047180001F0A6F868680090DA01744F0090804F53042800420F60FF3C0148423C010090D2
:20473800BC41DA024BF50102534020F053042100600F9140003F30F3D93FC06910F23C0108
:204758000090804F53042800420F60FF3C0168550090804F53042800420F60FF3C01683551
:204778000090804F53042800420F60FF3C0168450090804F53042800420F60FF3C01682551
:204798000090804F53042800420F60FF3C01481F375F02F06CF10090804F53042800420FBB
:2047B80060FF3C014890DA006CF948BF375F02F06CFB68907663DA013C02DA0037F001F05C
:2047D800767382103C028200370F81F06CF90090804F53042800420F60FF3C01DF15048027
:2047F80082103C028200481F370F81F56CF10090404C405F8218D4F2F4C2084F2CC4084F60
:204818003B008000E20FD4F21022911000303023D93D000D89CD880909FF05082CC549DE81
:20483800001A89CE8C0909FF52085E1709F40508821540E46DFF50FF09F4050882158216CA
:2048580040E46DFF50FF09F4050809F5500840D46DFFC0FF09F40508086540D46DFF93FF39
:20487800487F6E08C87409F4600809F561086D00240109FF54081E1509FF5508DF1F2780A8
:2048980009F4050809F5560809F6540809F7550840D46DFF83FFD4F4084409F505086DFF55
:2048B80041FF09F0570809FFD8081421370F68F037F108F0342F0C21370F82F12C210C23A8
:2048D80096022C230C2196042C2109FF52085E1E09F40508482540D46DFF4DFF09F405089A
:2048F800483540D46DFF37FF3C0D09F40508482540D46DFF38FF09F40508483540D46DFFEF
:2049180022FF09F405088215820640E46DFFCEFE09F405088215820640E46DFFD2FE09FF48
:2049380053085E1509C48C096DFFF0FE02823C010090F445DA002C44DA002C45DA146C421A
:20495800DA0A6C43DA01894F1008DA022C46DA00894F1108DA00894F1208DA01894F13082E
:20497800DA00894F1408DA00894F1508DA02894F1608DA00894F1708DA00AC4CA00FEC472B
:20499800DA80894F2008DA00894F21080090404F024FC83409F40508821502F66DFF86FED5
:2049B800C83409F40508821502F66DFF8AFEC8346DFFACFE0090404F024FC83409F40508CE
:2049D800820502F66DFF72FEC83409F40508820502F66DFF76FEC8346DFF98FE00905944D4
:2049F80000C00090194F08C0370F78F04B0F41F1194004C0370078004B0041014B0F51F0F1
:204A18006D0006004BF241203C0100906DFF2AFE3C010090404F0B54108840F46DFFE4FF36
:204A38004B8251007B00F8136B0131004B0071814B0861116B0131007B00F0134B1001F0B4
:204A5800370F61F16E02C2186D006E16022A02A46D006A15DA00BE90DA013E9EDA023E9C18
:204A7800DA033E9ADA043E98DA053E96DA06BE91DA07BE963C1C534920F010F2534920F0EC
:204A980010FF19FF0CC0378F18F0592F0CC03C1019FF24C0378F18F059FF24C03C0919FF3A
:204AB80028C0378F18F059FF28C03C023C0102A46D005A160090404F0258481F8FCF1F008D
:204AD800481F160F532F2020082F0F2F001082330F23003091A0012FD922F04F534020F096
:204AF8001022542F82F0C630260F2631A61F742FC82408CF09F55008A64502F46D0008001E
:204B1800C82408C402856D0035000090404F0B4510A849FC100A82404B0A01828F3A00F1C2
:204B3800538F20C09140002FD922000E7D2F15806D00FA15022F02F46D00F61409F0201905
:204B580082110FA1101082F2C621261089F0201902F46D000916534820F010CFDAFF0FCFD4
:204B780000F00FCB10B002F302B249F240080090404F0B4510886D00D715022A02A46D00C8
:204B9800D31449FF001ADA084BF801028F7800F1534F2040534020F010FFDA0F0F4F00F0A9
:204BB8000F49109002F3029249F2400802A46D00DB1500902020404CDA084BF401826D0069
:204BD800F20E534920F010A2534920F010CF488F742F09CF500816FFC21F4B0F41F14BF26B
:204BF8005100534920F010AF14FF163FC21F4B0F41F14BF05100534920F010AF14FF370FBC
:204C180062F39211534920F010AF081F160342F1534920F010AF081F370F62F142F14B01FC
:204C380041F14BF051203C01009020080248405F3705E8FB8B0F20F26E01820949A6000AE2
:204C5800028440F56D003900DA0037F9019014AF37F983900CA137F903920CA237F98393D4
:204C78000CA337F903950CA437F983960CA537F90398081FAE63DA003C02DA0137F98199BB
:204C9800DA0037F9019A14FFAE53DA003C02DA0137F9819ADA0037F9019B09FFC008370F49
:204CB80066F3C2FF370F70F037F9859B3789049E02923C010090406C82088209DA084BF427
:204CD8000122094F500816FF9210534320F0104F09FF6008163FC21FE2F0534320F0104FB0
:204CF80009FF6008370F62F39211534320F0104F09FF6108160342F1534320F0104F09FF1F
:204D18006108370F62F142F173100AA0B025405D820B3C4E534B20F010DF54FFE2AF4B0FB5
:204D380061F17B0000044B0F51C0820D820E3C328210532E20F00FF010004B0041F14BFC9C
:204D580051F07B00F0036B00214F6D00041EFF922180532E20F00FF210F04B0F41F14BCFB8
:204D780001F016068B0F20F26E09C2F28B0240F3370F689002E8821D3C0FFF820B809A12AD
:204D9800C2FF8B0F40F3370F689002E8821D3C04C21EBF8ECFFFF6D382798278532B20F01F
:204DB80010CF2819532B20F010CF34F8C21BBF3BB3FF0090404C405F7641820854CF6E010B
:204DD8006D00F10D3C0109CF500816FFC21F4B0F41F14BF251F03C017B00F8034BF0513074
:204DF80048103B800040821502463700E81BBA016E037B00F8037B00F8134B0151703B00BF
:204E180040929B499794024A3C4D4B0A41014B0341004B0751107B00F0236B0221114B0172
:204E380031B1DA407FBF05003B0004B03C0973AB0A10FF410400822B3C034EB2821B4B0B8C
:204E580041114B1041006B07311082024B2101F0AE046B0731003C056B0731F067FFBF0F5B
:204E78004B9001F06F2F1E804B9001F0AE264B9001F0AE036F060580020902A602B56F061C
:204E98001180DA004BF001F0AE27DA004BF001F0370F61F06E03DA003C02DA016E023C04DD
:204EB800C2FAFF2AB47F3F5409006F0607006F050580025F026502F6DA024BF601229AD245
:204ED800370F4800C2F5370568F037F80680DA024BF601421A52C2FF370F68F037F802834D
:204EF8008E03020F3C02DA0037F802858E0382323C01370268F037F80284088FAE43DA01FF
:204F18003C02DA0037F80186088FAE33DA003C02DA0137F88186089F370FE1F237F8018793
:204F380002823C0100900248BC416D003C0DDA004BF801F0AE217B0008F44BF841F04BF206
:204F580051004B0031F14B0F41F16B0F31F07B00F0134B1F01F0AE244B0031F13C044B00B1
:204F780031F1C21F8B1F40134B0161F14BF251F06B0F31F882004B0F01F0AE084B0161F139
:204F98004BF251F06B0F31583C094B0161F14BF251F06B0F31F867FFBF5F82463C2C4B066F
:204FB80061F14BF841F04BF251F07B00F0036B0021FF4B0F710173600AF04B0F61F14BF21A
:204FD80051306B0331F882044B4F01F0AE046B0331383C056B0331F867FFBF3F4B5301F03C
:204FF800AE247603023502013705E8FB6E02F6023C06C2163B801FF07F6FD3FFC2F18B01AA
:2050180040233C010090FF440B00538420F0910000F8D9FFAC1110FFD4F23C02A0023C0103
:20503800009082F282003C17538020F0910000F8D9FFAC1110FFD4FF7D4F0D80538020F060
:20505800910000F8D9FFAC1110FF481F370F48203C04C210BF40EAFF3C010090494F102A5D
:205078003C0554FFB45FB025C2F4FF14FC7F0090494F102A3C0554FF745FB045C2F4FF14D1
:20509800FC7F0090494F102A3C0554FF345FB015C2F4FF14FC7F0090DA010F4F10F0370FDC
:2050B80070F009410819765737017008A6F0370110183C083701700882F2C6F226203701FC
:2050D8001018766737017000A6F0370110103C083701700082F2C62F26F037011010894190
:2050F80008190090DA084BF40102534120F0104F49FF241A3C06095FC00874FFB025C2F5C9
:20511800FF15FB7F0090DA084BF40102534120F0104F49FF241A3C05545F74FFB045C2F599
:20513800FF15FC7F0090DA084BF40102534120F0104F49FF241A3C05145F74FFB015C2F5E8
:20515800FF15FC7F0090094F4518EE047B1000F03C02DA01CC4D094078080F0F10F06CF180
:205178000090094288093C010090094F4518EE03DA013C037B1000F0CC4D094078080F0FA3
:2051980010F06CF10090404F405C406D0248D4FE40E46D008F050229DF093680ECE2084F03
:2051B80096012CF4E84CA8A8821089F00718E86DA8E848FF6E05C8F240F42D02000009FFAE
:2051D80049181E1409FF49185E3540F46D0047093C1A09FF4918DE4209E2A80909E4A8091E
:2051F800094FD818C2F837087000370F10F0892F981840F46D0033093C06C8AF09E4880924
:205218002D0F000002923C01009082020C44AE04D44F481F6E0282123C0100902010404C3C
:20523800405DD4D2D42FF802C8AFF801D4DFF4CF0CC4B70F01F02CC409DF640889CF0818ED
:2052580009DF650889CF091809DF260989CF0C1909DF2A0989CF10190CD8370F61F1D801E3
:2052780009F0510837F0010389F0110849DF1C0AF4AF5E1754FFEE05DA0089CF04183C07CA
:20529800CCD7481F370F68F089CF041809C04418DA084BF00182534920F009A48409104FD0
:2052B800029440D56DFF88FD022F6CF809C4441849D5080A4CD109A4840902F56DFFB7FCDF
:2052D800022F6CCC821009CF44180FF000008F0001100CD9AE43DA003C02DA0109C44418F6
:2052F8000F4F10F0D80149FF081A8F000140A640A6F10203021249F2400809CF7308370F73
:2053180064F28F7F004109A484096DFF55FC4B0231F189CF0A09D4AF54FFEE07A00FECCFCA
:20533800A00F89CF80193C46D4FF09F2C80989C2F4090CD9370F61F289CF05180CD86F1FE7
:205358002280910000F8D9FF1E55ECCF910000F8D9FF026589CF801940C46DFF08FFD4AF51
:20537800D4FF09D5600809DA6108DA80C82408C4A6F56DFFCDFBC82408C402A56DFFFAFB0F
:205398003C19A00FECCFA00F89CF8019D4A2D42F09D5600809DA6108D422092F5008C82419
:2053B80008C4A6F56DFFB4FBC82408C402A56DFFE1FB09DFC808370F66F389CF061891004E
:2053D80000F8D9FFCC65ECCA910000F8D9FFDA35ECCBD80209FF46186E119110002F09F04F
:2053F8000518534920F0D80110FF49FF241A530022F0102280FF592F0C0282023C01009061
:20541800404C40C46D000A1AA00FECC7DA8089CF2008DA0089CF2108A00FECC7DA0089CF28
:205438002008DA0089CF2408DA0289CF250882FF89CF2609DA0089CF2A0900902040404C84
:20545800405DCCD5F80F6D006F11022802846D006B1014FFB70F01F034FF09DF58086E03B4
:20547800DA003C02DA0114F037F081F134FF02846D007A11820809D4100909A4BC096DFF75
:2054980054FD370268F037F80880DA0F37F80485DA0037F8828C09DF59086E03DA013C02D0
:2054B800DA0037F8818DDA0137F8048E68484CD489CF0819820009DFC6086E043BF01FF0F4
:2054D8003C02DA0037F00900820109DFC408EE0409DF66086E02821137108104820109DFB3
:2054F800C208EE0409DF66086E0282113710010509DF5B0837F0020809DF5C0837F0020938
:2055180009DF680837F0020D09DF690837F0020E685009DEA009BD0E3B00D4EFBCFF0CE499
:2055380009E85508C814088408C5A6F56DFFF0FAC814088402856DFF1DFBCCE2BCFF0CEC0B
:2055580009E85508C814088408C5A6F56DFFE0FAC814088402856DFF0DFBCCE4BD0F1800D8
:2055780009EF140809E85508C8140884370F68506DFFCEFAC814088402856DFFFBFAD4F201
:20559800D4F40C4408C0370F03F02C24D80FECCAF4CCDA006CC1A00FECC2910000F8D9FF68
:2055B8001E65ECC5910000F8D9FF2285ECC609DF66086E0C910000F8D9FF8465ECC7910087
:2055D80000F8D9FFB835ECC83C0B910000F8D9FFEE25ECC7910000F8D9FFD425ECC8910035
:2055F80000F8D9FFB6D5ECC909DF6608DF0F8C00DA0189CF061849A4000A9110005F6DFFFF
:2056180015F749A4040A49A5000A6DFF5CF709DF250889CF051809CF05182CA8DA0089AF4F
:205638002708DA0189AF3408DA0089AF0A09DA0089AF2A08DA0089AF2F08DA00ACAFDA0013
:2056580089AF2308D80F49FF241A80FF89AF0E09DA0089AF2D08DA0189AF3008DA0089AFF0
:205678002108DA0089AF2208DA0089AF20080CD889AF3A0809DFC40889AFB80849C4380A1A
:2056980049A5040A6DFFD4F609DF240889CF041809CF04182CA8DA0089AF2708DA0189AF1C
:2056B8003408D80F49FF102A80FF89AF0A09DA0089AF2A08DA0189AF2F08DA0089AF0E09AC
:2056D800DA0089AF2D08DA0089AF3008DA00ACAFDA0089AF2108DA0089AF2208DA0089AF63
:2056F8002308DA0089AF20080CD889AF3A0809DFC20889AFB80849C42C0A49A5040A6DFF7A
:2057180097F63C04DA0089CF0618BBF0FFFFD80F89FF141909CF46186E4509A4BC096DFF48
:2057380082FC914000FFD9FF1068538221F010FF3C01823009DF2508370F70F014F1370FC9
:2057580068F037F108F034FF081F370F82F12CF1083F96022CF3081F96042CF109A4BC093B
:205778006DFF61FC914000FFD9FF1068538221F010FFB04F3C01823009DF2408370F70F08B
:2057980014F1370F68F037F108F034FF081F370F82F12CF1083F96022CF3081F96042CF122
:2057B8003C6D09DFC4086E2109A4BC096DFF3BFC914000FFD9FF1068538221F010FF3C017E
:2057D80009D0480809DFC40814F1370F68F037F108F034FF081F370F82F12CF1083F960202
:2057F8002CF3081F96042CF109DFC2086E2209A4BC096DFF18FC914000FFD9FF106853826B
:2058180021F010FFB04F3C0109D0480809DFC20814F1370F68F037F108F034FF081F370FD6
:2058380082F12CF1083F96022CF3081F96042CF109DFC6086E2309A4BC096DFFF4FB9140FF
:2058580000FFD9FF1068538221F010FF49FF080A3C0109D0480809DFC60814F1370F68F0D3
:2058780037F108F034FF081F370F82F12CF1083F96022CF3081F96042CF1D80F09FF53089A
:20589800960189FF13080090404F405C40F46D001118E85CDA0089FF1808DA0089FF1908E8
:2058B800DA0089FF1A08DA0089FF1B08DA0089FF1C08DA0089FF2808DA0089FF2908A0027A
:2058D800E88282FF89FF240882FF89FF2508DA0089FF2608BB00C2FB9BEFC3F46CF40090A2
:2058F800911000CF094804186DFF3DFC402F530822F010C2392F1E02370F61F18B0F200284
:20591800DF100D80530822F010C2530822F010C4394F1F029604E92F1F023C01DF001100CA
:2059380009FF00196E0609F2801940F42D020000084FB70F01F02CF4D4F46D001A025308E9
:2059580022F010CF39FF1E02370FE1F18B0F20F25E1C530822F010CF530822F010C2392FB5
:205978001F029604E9FF1F023C010090404C40C46DFFF9FB402F9110005F09C1051809C669
:20599800A80949F7100A530122F01052392F1E02370FE1F18B0F2002DF100D80530122F0DE
:2059B8001052530122F01054394F1F029604E92F1F023C01DF001A00530122F0105F39FFE4
:2059D8001E02370F61F18B0F20F25E1C530122F0105F530122F01052392F1F029604E9FF29
:2059F8001F023C011D00BC0009FF49181E1509FF4918DF3F2580530122F0105F39FF1E0263
:205A1800370F61F18B0F20F25E1C530122F0105F530122F01052392F1F029604E9FF1F02E7
:205A38003C01534120F0105F534120F01052392FC2819602E9FFC2811D00920009FF491872
:205A5800DF4F2480530122F0105F39FF1E02370F61F18B0F20F25E1C530122F0105F530148
:205A780022F01052392F1F029604E9FF1F023C01534120F0105F534120F01052392FC2816D
:205A98009602E9FFC2813C6B530122F01052392F1E02370F61F18B0F2002DF100D80530110
:205AB80022F01052530122F01054394F1F029604E92F1F023C01DF00530088AFBF2F500030
:205AD800530122F01052530122F01054394F1F029604E92F1F02534120F01052534120F0F6
:205AF8001054394FC2819602E92FC281547FEE0C48CF8210370F01F0896F201909FF0C1961
:205B1800896F24193C2C48CF8210370F01F0896F201909FF4618FF9F0A80D47288AF102F75
:205B380009FF7FF8896F24193C1A09F04618DA103F0F0D8088AFC2FF532F20F0D47F10FF3B
:205B580009FFC008896F24193C0A88AFC2FF534F20F0D47F10FF54FF896F24190090404C32
:205B780009C2A809092FC0188FFF1F813C01BBF0FF0F8920141940C46DFFF5FA402F911018
:205B980000DF6F08070009FF4A18960189FF0A186F18070009FF4A18960289FF0A186F2814
:205BB800070009FF4A18960489FF0A186F78070009FF4A18968089FF0A186F38070009FF4A
:205BD8004A18960889FF0A186F48070009FF4A18961089FF0A186F58070009FF4A1896209D
:205BF80089FF0A186F68070009FF4A18964089FF0A18DF08110009FF00196E0609F28019FA
:205C180040F42D020000084FB70F01F02CF4D4F46D00AF0009CF46186E3109C004185300EA
:205C380022F010DF39FF1E02370F61F18B0F20F25E1C530022F010DF530022F010D2392F32
:205C58001F029604E9FF1F023C0109C00518530022F010DF39FF1E02370F61F18B0F20F255
:205C78005E1C530022F010DF530022F010D2392F1F029604E9FF1F023C010090404F40F43B
:205C98006DFF71FA0925AC0940242D050000484FC21F6CF40090404F40F46DFF64FA092579
:205CB800A80940242D050000483FC21F6CF30090DA01494F0408EE0382023C0282123C012B
:205CD8000090404FD4F2D4220924A80949FC180A094F4218370FE3013C0188EF0B0F80F171
:205CF800370F508054CFEE0A82003C05094110293C01C2103F80FC7F3C2609F04618FF9084
:205D18000B80D4C502846DFFBFF9D4C201280026F4C23C1909F04618DA103F0F0C80D4C5F9
:205D380002846DFF9DF9532820F0D4C21022F4C23C0AD4C502846DFF9DF9534820F0D4C212
:205D58001022F4C288EFA28FACFE88EFEE1009FF00196E0609F2801940F42D020000084F99
:205D7800B70F01F02CF4D4F46D0003000090DA006C4100902008404F49FD100AD4F2D42C78
:205D980009CF4618DF0F7E02911000EF09C4A809F4A46DFF48F9538221F03C0109C80518E3
:205DB80009C904184DC0E2FF370FE1F78B0F20A23C010D00400300003C0188AFBF2FE500A1
:205DD80088AF92F0530822F010E2530822F010E4B94F140237007000370F0EF0F92F1402EB
:205DF80009FF4618FF9F10808200530822F010E2530822F010E4394F1602370F83F2E92F42
:205E180016023C2109F04618DA103F0F10808210530822F010E2530822F010E4394F1602E4
:205E3800370F83F2E92F16023C0E8220530822F010E2530822F010E4394F1602370F83F258
:205E5800E92F160254DFEE4049F20C1A802FB70F1C007B0000FDFE014DC0E1FF16073C01E9
:205E780049F20C1A8020B7000C0AB770030E7B000011E21FA2F03C0449F20C1A8020530849
:205E980022F010E259200802820082118222530822F010E219231002370303303713813194
:205EB80037230434530822F010E259231002530822F010E2530822F010E4394F1202961049
:205ED800E92F12023C3A54DFB70F1C007B0000FD7E0F4DC0E1FF16073C0154D0B7000C0AB6
:205EF800B770030E7B000011E21FA2F03C0254D0530822F010E25920080282008211820256
:205F1800530822F010E219231002370303303713813137230434530822F010E259231002D4
:205F3800530822F010E2530822F010E4394F1202B70F01F2E92F1202D4A24922241A53088E
:205F580022F010E4802F594F0C02820082118202530822F010E219231002370303323713BF
:205F7800813337230436530822F010E259231002530822F010E2530822F010E4394F1F026B
:205F98009604E92F1F0288A0530922F010E2530922F010E4B94F140237007000370F0EF023
:205FB800F92F140209FF4618FF9F10808200530922F010E2530922F010E4394F1602370FCD
:205FD80083F2E92F16023C2109F04618DA103F0F10808210530922F010E2530922F010E434
:205FF800394F1602370F83F2E92F16023C0E8220530922F010E2530922F010E4394F1602B0
:20601800370F83F2E92F1602486FEE4049F2101A802FB70F1C007B0000FDFE014DC0E1FF3E
:2060380016073C0149F2101A8020B7000C0AB770030E7B000011E21FA2F03C0449F2101A20
:206058008020530922F010E259200C02820082118222530922F010E21923100237030332CB
:206078003713813337230436530922F010E259231002530922F010E2530922F010E4394F3E
:2060980012029620E92F12023C3B486FB70F1C007B0000FDFE004DC0E1FF8F7F00013C0133
:2060B800486FB70F0CFAB77F031E7B0000F1E2F0A2013C024861530922F010E259210C023E
:2060D800820082118202530922F010E219231002370303323713813337230436530922F0F2
:2060F80010E259231002530922F010E2530922F010E4394F1202B70F81F2E92F12025309E9
:2061180022F010E2530922F010E4394F1F029604E92F1F02BBF0FFFFD4A4894F14196DFFF3
:2061380082F79140002FD9221068538221F010223C010C2396022C23D4A46DFF74F79140D0
:20615800002FD9221068538221F01022B0423C010C2396022C23D4A46DFF65F79140002FE8
:20617800D9221068538221F010224922080A3C010C2396022C23530922F010E2530922F0DE
:2061980010E4394F1F029604E92F1F02534920F010E2534920F010E4394FC2819601E92FBF
:2061B800C28188AFBF2F2B00530822F010E2530822F010E4394F1F029604E92F1F0253485D
:2061D80020F010E2534820F010E4394FC2819601E92FC28109FF4818EE0948CF8200370F0B
:2061F80001F0D4AF89FF20193C0848CF8210370F01F0D4AF89FF20193C3F54DFEE0E48CF29
:206218008210370F01F0D4A2892F201909FF0C19D4AF89FF24193C3048CF8210370F01F075
:20623800D4A2892F201909FF4618FF9F0B80D4D288AF102F09FF7FF8D4AF89FF24193C1C15
:2062580009F04618DA103F0F0E8088AFC2FF532F20F0D4DF10FF09FFC008D4AF89FF2419A5
:206278003C0B88AFC2FF534F20F0D4DF10FF54FFD4AF89FF241976A30D0000031D00EE0084
:2062980088AFBF1FEB00D4F2D422092CA80909FF7308370F644209CF421816073C018B4F6F
:2062B800000109FF47185E12C2F088AF7E02C2F088AF0B0F80F1370F5080BF18CF0088AF1E
:2062D8005280A8A088AFEE0382113C02820109FF4718DE11BF28100088AF6E0D4DC0E20F13
:2062F8003700E1078B0020923C010D00400300003C013C084DC0E20F3700E1078B002092C2
:206318003C0109FF4718DE14820089F0071809FF4818EE0848CF8200370F01F089CF2019F6
:206338003C0748CF8210370F01F089CF201954DFEE1E09F00C19DF01130082013C0489C035
:206358002419C2119AF83FF1FC7F48CF8211371F01F089CF201989C024193C08DA003C0472
:2063780089C02419C21F3F8FFD7F3C7409FF4618FF9F2480DF011800BF280800D4D59AF8DA
:2063980040C402F56DFFD1F648CF8210370F01F089CF2019D4DF01F800F609FF7FF889CFCD
:2063B80024193C06D4D540C402856DFFBEF6D4DF01F800F6F4DF3C4E09F04618DA103F0F64
:2063D8002780DF011A00BF280800D4D59AF840C402F56DFF89F648CF8210370F01F089CFBC
:2063F8002019C2F8532820F0D4DF10FF09FFC00889CF24193C0BD4D540C402856DFF74F68F
:20641800532820F0D4DF10FFF4DF3C24DF011900BF280800D4D59AF840C402F56DFF75F6EF
:2064380048CF8210370F01F089CF2019C2F8534820F0D4DF10FF54FF89CF24193C0BD4D5D4
:2064580040C402856DFF61F6534820F0D4DF10FFF4DF76930D00000300902008404D49DF10
:20647800100AD4D2D42C8CDA82404B0F0102F6188CDA82404B0F0102370068F03C088CDAF3
:2064980082404B0F0102370068F0C21F370F688009DF49189E4B8CDA3B0001004B0F0102F6
:2064B800F6198CDA3B0001004B0F0102370068F03C098CDA3B0001004B0F0102370068F054
:2064D800C21F42F8C2F83708688009CF4618DF0F2102911000EF09C4A809F4A46DFFA3F5B7
:2064F800538221F03C0109C9051809CA04184DC0E2FF370FE1F78B0F20B23C010D0040037E
:2065180000003C01530922F010E2530922F010E4B940140237800E00F92014028220530963
:2065380022F010E2530922F010E4394F1602370F83F2E92F160254FFB70F1C007B0000FDA5
:206558007E0F4DC0E1FF16073C0154F0B7000C0AB770030E7B000011E21FA2F03C0254F065
:20657800530922F010EF59F00802820082118202530922F010EF19F3100237030330371368
:20659800813137230434530922F010EF59F31002530922F010EF530922F010E2392F12028B
:2065B800B70F01F2E9FF120209DF49189E4DD4AF49FF1C1A530922F010E280FF592F0C0264
:2065D800820082118202530922F010EF19F31002370303323713813337230436530922F010
:2065F80010EF59F31002530922F010EF530922F010E2392F1F029604E9FF1F028CDA824005
:206618004B0F0102F6188CDA82404B0F0102370068003C088CDA82404B0F0102370068006B
:20663800C210530A22F010EF530A22F010E2B92F140237007000370F0EF0F9FF1402822008
:20665800530A22F010EF530A22F010E2392F1602370F83F2E9FF16024CD6EE4049DF101A76
:2066780080FFB70F1C007B0000FDFE014DC0E1FF16073C0149DF101A80F0B7000C0AB7702D
:20669800030E7B000011E21FA2F03C0449DF101A80F0530A22F010EF59F00C0282008211D6
:2066B8008222530A22F010EF19F31002370303323713813337230436530A22F010EF59F3D7
:2066D8001002530A22F010EF530A22F010E2392F12029620E9FF12023C3C4CD6B70F1C0017
:2066F8007B0000FDFE004DC0E1FF8F7F00013C014CD6B70F0CFAB77F031E7B0000F1E2F050
:20671800A2013C0309D11809530A22F010EF59F10C02820082118202530A22F010EF19F3AB
:206738001002370303323713813337230436530A22F010EF59F31002530A22F010EF530A97
:2067580022F010E2392F1202B70F81F2E9FF1202530A22F010EF530A22F010E2392F1F0214
:206778009604E9FF1F02BBF0FFFFD4A4894F14196DFF59F4914000FFD9FF1068538221F079
:2067980010FF3C01083F96022CF3D4A46DFF4BF4914000FFD9FF1068538221F010FFB04F60
:2067B8003C01083F96022CF3D4A46DFF3CF4914000FFD9FF1068538221F010FF49FF080A03
:2067D8003C01083F96022CF3530A22F010EF530A22F010E2392F1F029604E9FF1F02534ACE
:2067F80020F010EF534A20F010E2392FC2819601E9FFC28109DF4918DF3F308009D09408DA
:20681800DA103FF00A0009D0F208DA0F37F085F389DFB2083C0B09D0F2088CDAC2FF370F39
:2068380070F037F085F389DFB20809D09408DA103FF0090009DF7008B70F01F089DF3008D1
:206858003C0609DF7008960189DF300809DF7208964089DF32083C3709DF4918DF1F24800F
:2068780009D09408DA103FF00A0009D0F208DA0F37F085F389DFB2083C0B09D0F2088CDA6B
:20689800C2FF370F70F037F085F389DFB20809DF7008960189DF300809DF7208964089DF81
:2068B80032083C1109DF7008960189DF300809DF7208964089DF320809DFF208B70F85F3A8
:2068D80089DFB208530922F010EF530922F010E2392F1F029604E9FF1F02534920F010EFDA
:2068F800534920F010E2392FC2819601E9FFC28109DF49181E464CDCD4AF89FF1C193C051F
:206918004CDCD4AF89FF201976B30D0000033C010090913000FFD9FF300654F8370864F040
:20693800EE0382023C096D003E00370864F04B0F41F14BF251203C010090913000FFD9FFA8
:20695800300654F8370864F2EE0382023C096D002A00370864F24B0F41F14BF251203C01AB
:20697800009002486D0050018200DA003E84DA013E873C0B913000FF19F000263C0891306E
:2069980000FF19F004263C0382023C0176094B0061F17B0028044B0F51F04BF241203C0174
:2069B80000906D00DA00913000FF39FF3106370F6402DA003E0CDA01BE0BDA02BE0EDA03C0
:2069D8005F0F2100DA045F0F23003C26913000FF39FF0C16160FEE023C0A913000FF39FFD2
:2069F8000C16160F4B0F41F14BF251203C177B0017F44BF251203C127B001FF44BF25120ED
:206A18003C0D7B0027F44BF251203C087B002FF44BF251203C0382023C013C0100909100E3
:206A380000F6D9FF000054FF4B0F61213C010090913000FF39FF3706370F62F2EE06BB00F6
:206A5800C22B9BE2CB243C11913000FF39FF3706370F62F25E19910000F6D9FF000054FF80
:206A78004B0F61213C0282023C010090913000FFD9FF00066DFFDEFF09FF640816015E1AA9
:206A980009FF6E08167FC21F4B0F41F14BF251203C2409FF6408370FE1F15E1EBB00C20BC0
:206AB8009BE0CB0409FF6C08167FC21F4B0F41F14BF051203C1209FF6908370FE5F0C21F87
:206AD8004B0F41F14BF2410009FF6C08167FC21F4B0F41F14BF051203C010090913000FFDD
:206AF800D9FF00066DFFA6FF09FF540816015E1A09FF5E08167FC21F4B0F41F14BF251207E
:206B18003C2909FF5408370FE1F15E1EBB00C20B9BE0CB0409FF5C08167FC21F4B0F41F1C0
:206B38004BF051203C1709FF5908370FE7F0C21F4B0F41F14BF2411009FF5C08167F92101A
:206B580009FF5B08160FC21FE2F04B0041F14BF151203C010090913000FF39FF3306370F6C
:206B780062F282003E0482103E083C0ABB00C22B9BE2CB243C013C066DFFB2FF3C03820254
:206B98003C013C0100906DFFE8FF913000FF39FF3106370F6402DA003E0CDA01BE0CDA0200
:206BB800BE0FDA035F0F2200DA045F0F24003C27913000FF39FF3206160FEE0382023C0AA0
:206BD800913000FF39FF3206160F4B0F41F14BF251203C177B001FF44BF251203C127B00B6
:206BF80027F44BF251203C0D7B002FF44BF251203C087B0037F44BF251203C0382023C0187
:206C18003C0100906DFFA9FF913000FF39FF3106370F6402DA003E0CDA01BE0CDA02BE0F2E
:206C3800DA035F0F2200DA045F0F24003C27913000FF39FF3106160FEE0382023C0A91302C
:206C580000FF39FF3106160F4B0F41F14BF251203C177B001FF44BF251203C127B0027F4DC
:206C78004BF251203C0D7B002FF44BF251203C087B0037F44BF251203C0382023C013C01E4
:206C98000090404F820891000026D922000009FF0819742F6D00480502296D005905022AD9
:206CB80002946D0041049130002F392F3046370FE1B19130002F392F304696089130002F72
:206CD800E92F304602946D004F0502A46D0054043C019130002F392F3306370FE1F3EEFA7C
:206CF8009130002F392F3306B70F02F29130002FE92F33069130002F392F330696409130C8
:206D1800002FE92F33069130002F392F180696109130002FE92F18063C019130002F392F04
:206D38003306370FE1F3EEFA9130002F392F3706B71F02F29130002FE92F37069130002F6C
:206D5800392F370696409130002FE92F37066D00B001A62802A46D002E05DF087E8102A49D
:206D78006D000A043C019130002F392F1406370FE1F26EFA9130002F39201C0608AF37F007
:206D980007F09130002FE92F1C069130002F39201B06088F37F004F09130002FE92F1B0675
:206DB8009130002F39201906089F37F087F09130002FE92F19069130002F392F180696409B
:206DD8009130002FE92F18069130002F392F1A06B70F01F09130002FE92F1A069130002F2E
:206DF800392F180696209130002FE92F18069130002F392F1A0696019130002FE92F1A06E2
:206E18009130002F392F1A0696049130002FE92F1A06BB70714B9B1485436D00A7013C0170
:206E38009130002F392F1406370F61F16EFA9130002F392F1806B70F01F09130002FE92F93
:206E580018063C019130002F392F3306370FE1F3EEFA9130002F392F3306B71F02F2913010
:206E7800002FE92F33063C019130002F392F3306370FE1F3EEFA48346D0078019130002F58
:206E980019203006485F82F1C61F26F0485F4841261FA6F0DA0137F0020EDA0137F0010F27
:206EB8009130002FD922300674203C019130002F392F3706370FE1F3EEFA9130002F192008
:206ED8003406487F82F1C61F26F0487F4861261FA6F0DA0137F0020EDA0137F0010F9130FB
:206EF800002FD922340674203C019130002F392F0316370FE1F3EEFA9130002F1920001693
:206F1800489F82F1C61F26F0489F4881261FA6F0DA0137F0010F9130002FD92200167420D2
:206F38003C019130002F392F0F16370FE1F3EEFA9130002F19200C1648BF82F1C61F26F0BD
:206F580048BF48A1261FA6F0DA0137F0010F9130002FD9220C1674209130002F192000264C
:206F780048DF82F1C61F26F048DF48C1261FA6F09130002FD922002674209130002F19208B
:206F9800042648FF82F1C61F26F048FF48E1261FA6F09130002FD9220426742002A46D00F3
:206FB8000A049100802F192F140209F0041982F1C610260F09F0041982F1C610260F09F0EC
:206FD800041909F100192610A60F02946D00AC029100802FD9221402742F02946D00C4030F
:206FF800820C3C3702A46D00C7023C019130002F392F1406370FE1F26EFA9130002F392023
:207018001C0653CC20F0C8121022142F37F007F09130002FE92F1C0602A46D00CC0353CC6F
:2070380020F0C81210224C226E0953CC20F0C8121022092288092D02000053CC20F0C81208
:207058001022092402096D009100C21C370C68C014FF3FFCC9FF02A46D008E02913000FFEE
:2070780039FF1806B70F01F3913000FFE9FF180602A46D00A00302946D005602913000FF51
:2070980039FF2C469608913000FFE9FF2C46913000FF39FF304637BF81F1913000FFE9FFF8
:2070B800304602946D00600302823C0100903B00288082096D003803022A913000FF39F060
:2070D8001006B7008202913000FFE9F01006913000FF39F01206910000F6D9FF000054F1F3
:2070F8003B005AF29B6F02F04BF111229AF2370F68F037F005F0913000FFE9FF12069130BF
:2071180000FF39FF10069604913000FFE9FF10063C05C2F8F68382193C0D913000FF39FF62
:2071380010066F1FF87F913000FF39FF11066F0FF27F02A46D00F801913000FF39FF2C46A8
:207158009608913000FFE9FF2C46913000FF39FF30469608913000FFE9FF304602A46D0022
:20717800030302923C01009002486DFFF6FC913000FF39FF3506160F4B0F41F14BF251F086
:207198003C014B8F41F04B0F71F185F110003C0185F01000A2103FF0FDFF0090DA018B04B4
:2071B80001000F0F10F0913000FF59FF248600908FF43F006F041500913000FFD9FF1086CE
:2071D800534020F010F2913000FFD9FF1086534020F010FF083F375F03F22C233C139130E1
:2071F80000FFD9FF1086534020F010F2913000FFD9FF1086534020F010FF081F375F03F2D3
:207218002C2100908FF43F006F041500913000FFD9FF1086534020F010F2913000FFD9FFC4
:207238001086534020F010FF083FB70F01F02C233C13913000FFD9FF1086534020F010F27F
:20725800913000FFD9FF1086534020F010FF081FB70F01F02C2100908FF43F006F04150031
:20727800913000FFD9FF1086534020F010F2913000FFD9FF1086534020F010FF083FB70F36
:2072980081F02C233C13913000FFD9FF1086534020F010F2913000FFD9FF1086534020F023
:2072B80010FF081FB70F81F02C2100908FF43F006F041400913000FFD9FF1086534020F052
:2072D80010F2913000FFD9FF1086534020F010FF083F96012C233C12913000FFD9FF10860B
:2072F800534020F010F2913000FFD9FF1086534020F010FF081F96012C2100908FF43F0094
:207318006F041400913000FFD9FF2C86534020F010F2913000FFD9FF2C86534020F010FFE3
:20733800083F96202C233C12913000FFD9FF2C86534020F010F2913000FFD9FF2C865340CF
:2073580020F010FF081F96202C2100908FF43F006F041400913000FFD9FF1086534020F022
:2073780010F2913000FFD9FF1086534020F010FF083F96022C233C12913000FFD9FF108669
:20739800534020F010F2913000FFD9FF1086534020F010FF081F96022C2100908FF43F00F2
:2073B8006F041400913000FFD9FF1086534020F010F2913000FFD9FF1086534020F010FF7B
:2073D800083F96082C233C12913000FFD9FF1086534020F010F2913000FFD9FF108653407F
:2073F80020F010FF081F96082C210090DA010F4F00F0913000FF19F0208626F076038212F9
:207418003C0282023C0100908FF43F006F041500913000FFD9FF1086534020F010F29130E7
:2074380000FFD9FF1086534020F010FF082F375F03F22C223C13913000FFD9FF10865340F5
:2074580020F010FF9130002FD9221086534020F01022142F375F03F234FF00906F041F007C
:207478008B05011082100F10100086F4913000FFD9FF2C86534420F010FF9130002FD9222D
:207498002C86534420F01022542F82F2C620260F0F160060A66F74FF3C1B82100F501000D2
:2074B80086F4913000FFD9FF2C86534420F010FF9130002FD9222C86534420F01022542F41
:2074D80082F1C610260F0F560060A66F74FF00908FF43F006F041500913000FFD9FF2C86A5
:2074F800534020F010F2913000FFD9FF2C86534020F010FF083F375F02F32C233C139130A2
:2075180000FFD9FF2C86534020F010F2913000FFD9FF2C86534020F010FF081F375F02F377
:207538002C2100904DC0E1FF16073C0153CF20F060FF9130003F30F3D93F004654FF2E1B61
:207558008F2420F0960154F0370070088F002100A60F74FF86248F2440F154F0370070086D
:207578008F002100A60F74FF3C0154FF1601DF1FFE7F0090913000FF19FF30366F1F12008B
:207598008F2420F09601913000FF19F03036370070088F002100A60F913000FF59FF3036B8
:2075B80086248F2440F1913000FF19F03036370070088F002100A60F913000FF59FF303664
:2075D8003C01913000FF19FF30361601DF1FFB7F00904DC0E1FF16073C01913000FFD9FF1A
:2075F800004653CF20F010FF54FF2E1B8F2420F0960154F0370070088F002100A60F74FF2B
:207618008F2420F0960254F0370070088F002100A60F74FF3C0154FF1601DF1FFE7F084FB3
:2076380096082CF454FF2E1B8F2420F0960154F0370070088F002100A60F74FF86248F3446
:2076580040F154F0370070088F002100A60F74FF3C0154FF6F0FFF7F0090913000FF19FF22
:2076780030366F1F12008F2420F09601913000FF19F03036370070088F002100A60F91308E
:2076980000FF59FF30368F2420F09602913000FF19F03036370070088F002100A60F9130B6
:2076B80000FF59FF30363C01913000FF19FF30361601DF1FFB7F913000FF39FF34369608EB
:2076D800913000FFE9FF3436913000FF19FF30366F1F12008F2420F09601913000FF19F07F
:2076F8003036370070088F002100A60F913000FF59FF303686248F3440F1913000FF19F013
:207718003036370070088F002100A60F913000FF59FF30363C01913000FF19FF30366F0F60
:20773800FC7F00904DC0E1FF16073C0153CF20F060FF9130003F30F3D93F004654FF370F34
:207758006EF18FFF83213C013C010090913000FFD9FF303654FF370F6EF18FFF83213C0111
:207778003C0100904DC0E1FF16073C0153CF20F060FF9130003F30F3D93F004654FF2E1B2F
:207798008F2420F0960154F0370070088F002100A60F74FF86248F3440F154F0370070081B
:2077B8008F002100A60F74FF3C0154FF6F0FFF7F0090913000FF19FF30366F1F12008F242C
:2077D80020F09601913000FF19F03036370070088F002100A60F913000FF59FF303686247F
:2077F8008F3440F1913000FF19F03036370070088F002100A60F913000FF59FF30363C017F
:20781800913000FF19FF30366F0FFC7F0090F647094F40189601894F00183C08DF14078057
:20783800094F40189604894F00180090F647094F7C089601894F3C083C08DF140780094F84
:207858007C089610894F3C080090FF240B00538420F0910000F8D9FFA88110FFD4F23C0288
:20787800A0023C01009082F282003C17538020F0910000F8D9FFA88110FFD4FF7D4F0D8090
:20789800538020F0910000F8D9FFA88110FF481F370F48203C04C210BF20EAFF3C01009098
:2078B800404C405F09C0380909C13C0914FFEE0C083F37F00500082F37F00504081F37F136
:2078D800011182183C0F14FF5E1C083F37F00508082F37F0050C081F37F1011382183C02E7
:2078F800820889C13C0989C0380940C46DFFBDFF09FFC8086E26081FEE099140002FD9221C
:207918005028538220F010223C099140002FD9225028538220F01022B04208A009FFC8087F
:207938001421370F68F037F108F0342F0C21370F82F12C210C2396022C230C2196042C217C
:2079580008264CC4820102F009C32C0982020F20A0400F31A0503C016DFF92D73C0114FF36
:20797800534F20F010C28922300914F440C46DFF50FF14F440C46DFF5BFF08264CC482012D
:2079980002F009C32C0982020F20A0400F31A0503C016DFF75D73C0114FF534F20F010C250
:2079B800481F42F28922300902823C010090404F02486DFFCDFE022902946DFFDDFDDA20CE
:2079D8007FF80B8009FF082982100F801000A60F89FF08293C0B09F00C2982118FF801F134
:2079F8000FF11010A61089F00C2902946DFFE3FE0090404F0248025FFF481F803BF00140EC
:207A180040F46D001B0082108B0801100F1010005E1709FF0029A60F89FF00293C0809FFD5
:207A3800002982F1C610260F89FF00293BF0014040F46DFFBEFF0090404F02486DFF88FEB2
:207A5800022902946DFF98FDDA207FF80D8009FF082982100F80100082F1C610260F89FFDE
:207A780008293C0D09F00C2982118FF801F10FF1101082FFC6F1261089F00C2902946DFFFC
:207A98009AFE0090404F6DFF80F809FF4028161FC21F4B0F61F14BF251203C010090404FF7
:207AB8006DFF73F809FF41281603C21F4B0F61F14BF251203C010090BF450980C2C56F04BE
:207AD800040082543C0282443C01DA0403F40AF5534F20F0910000F8D9FF443210FF54FFB4
:207AF80060F23C010090404F09FF002937046800370F02F48210370F81F73BF0014040F4C0
:207B18006DFF9CFF89FF00293BF0014040F46DFF50FF0090404F09FF002937046800370F01
:207B380005F08210370F81F73BF0014040F46DFF85FF89FF00293BF0014040F46DFF39FF63
:207B58000090404F024F6DFF20F84B0271014BF011229AF28B3F20439A144BF0118240F483
:207B78006DFFC3FF02823C010090404F024F6DFF0CF84B0271018F2000104BF111229A2275
:207B980006EFC2FF8BFF21F392114B1011823B00D0129B1113107F810A80C21F8BFF21F3F3
:207BB80092114B10110202083C013B90D00306503F0808803B00D0029B1013007F80048044
:207BD80082083C0540F402F46DFFA6FF02823C010090404F09FF0029374F01F78210370F20
:207BF80081F73BF0014040F46DFF28FF89FF00293BF0014040F46DFFDCFE0090DF04310087
:207C18004C418B8701000F041040A64F6C414C418230534720100F10000082F1C610260F01
:207C38006C414C41534720000F051050A65F6C41766B4C41821053472010C2310F10000036
:207C5800A60F6C413C0C4C41821053472010C2310F10000082F1C610260F6C413C0B4C4168
:207C780082108B8701100F10000082F1C610260F6C410090404F3BF0014040F46DFFDEFEE6
:207C980009FF4328968089FF03283BF0014040F46DFF8FFE820082013C0E3B0040F0E21F3C
:207CB80010F2392F4320370F61F23C016E0382103C01C211BF41F3FFDF10EE7F0090404C8C
:207CD800405F8208C852D42D3C01C852092E84093C01C85289C2840909C284090929480824
:207CF80009FA0C0840D402946DFFA8FE08E0534A20F010E2534A20F010E409414168370146
:207D180081018920016808F0534A20F010E2534A20F010E4094F4268370F04F0892F026821
:207D380009F05008534A20F010E2534A20F010E4094F4068370F02F2892F006809F05108EE
:207D5800534A20F010E2534A20F010E4094F4068370F02F3892F00680810534A20F010E2B9
:207D7800534A20F010E4094F4168370F01F1892F016808D0534A20F010E2534A20F010E4D8
:207D9800094F4068370F02F0892F006809F05308534A20F010E2534A20F010E4094F4168DE
:207DB800370F02F0892F01680830534A20F010E2534A20F010E4094F4268370F81F2892F67
:207DD800026814F0534A20F010E2534A20F010E4094F4268370F01F2892F026809F052082D
:207DF800534A20F010E2534A20F010E4094F4168370F04F2892F01688B0901F0370F68405A
:207E180040D46DFF1BFE082FEE084CE282100FA01000A60F6CE23C094CE282100FA010003E
:207E380082F1C610260F6CE28B0901F0370F684040D46DFFBEFD09F00C08DA087FF01B0037
:207E580008B009C2000809E12049DA0F534220300F3F00F082F3C63F26F189E1204909EFC4
:207E78002049534220100F101000A60F89EF20493C1908B009C2000809E12449DA0F534242
:207E980020300F3F00F082F3C63F26F189E1244909EF2449534220100F101000A60F89EF4E
:207EB800244909FFC6086E2008B502946DFF06FE09F00C08DA010F0F10F089EF10490890A7
:207ED80009FFC6081421370F68F037F108F0342F0C21370F82F12C210C2396022C230C21E8
:207EF80096042C213C0108FFFF8F1A8008A008F109E23049DA0F534120300F3F00F082F392
:207F1800C63F26F289E2304909EF3049534120100F101000A60F89EF30493C1B08A008F146
:207F380009E234493BF000309A81534F20F00FF3003082FFC6F3263289E2344909EF344978
:207F5800C281534120100F101000A60F89EF344909FFC4086E2908A502946DFFAFFD08F06B
:207F7800534020F010E4534020F010E5395F03809680E94F0380BBF0FFFF89EF14490880C8
:207F980009FFC4081421370F68F037F108F0342F0C21370F82F12C210C2396022C230C2129
:207FB80096042C213C0140D402946DFF02FD08FF2CC109FF0C0834CF02823C01009091007B
:207FD80000F8D9FFB88149FF000A4942000AA05644FF642FFC6E894594090090405F82083F
:207FF800D4F2D42C084F3B004000E20F10C2D92D4020894D8409D4F2D422F4420849894930
:20801800080840C46DFF40FD022A8B0901003700684040C46DFF12FD09FF6F085E1B8214DE
:2080380009F5620809F66308820740D46DFFE8FD3C08820482058206820740D46DFFE0FDA9
:2080580009FF70085E1B821409F55A0809F65B08821740D46DFFD4FD3C08820482058206F4
:20807800821740D46DFFCCFD09FF71085E1B821409F56A0809F66B08822740D46DFFC0FDAE
:208098003C08820482058206822740D46DFFB8FD085F5F9F2300085F5349200091000028AD
:2080B800D922744201200026102214203C0109DF401882414B100122373F02F089DF0018A4
:2080D80009D10019DA0882424B2001220F3F00F0A6F189D100193C01DA0014D037F002F005
:2080F80034DF09FF6E0814D037F002F234DF09FF6F08DF1F5D8049F21C0A09FF61086E2DFE
:2081180009DF4428960489DF042809FF610809F05F0809D1002982123721811737F18216AD
:208138003701041489D1002909F05F08DA0FFE0409FF5E08821009D1002982123721811B7E
:2081580037F1041889D1002909DF4428370F02F089DF04283C013C0709DF4428B70F01F194
:2081780089DF042809F05F08DA0FBE0509FF5E0809F0600809D1002982123721811B37F1C5
:20819800041889D1002909DF4428370F02F089DF04283C01142F6E03DA013C02DA0009D04B
:2081B800452837F001F189DF05283C0109FF7008DF1F5D8049F2140A09FF59086E2D09DFAF
:2081D8006428960489DF242809FF590809F0570809D1202982123721811737F1821637014D
:2081F800041489D1202909F05708DA0FFE0409FF5608821009D1202982123721811B37F19E
:20821800041889D1202909DF6428370F02F089DF24283C013C0709DF6428B70F01F189DF13
:20823800242809F05708DA0FBE0509FF560809F0580809D1202982123721811B37F1041828
:2082580089D1202909DF6428370F02F089DF24283C01142F6E03DA013C02DA0009D06428BA
:2082780037F001F289DF24283C0109FF7108DF1F578049F2240A09FF69086E2D39CF04807C
:208298009604E9CF048009FF690809F0670819C1008082123721811737F182163701041421
:2082B80059C1008009F06708DA0FFE0409FF6608821019C1008082123721811B37F104188B
:2082D80059C1008039CF0480370F02F0E9CF04803C013C0109F06708DA0FBE0509FF6608E8
:2082F80009F0680819C1008082123721811B37F1041859C1008039CF0480370F02F0E9CFC1
:2083180004803C01142F6E03DA013C02DA0039C0048037F001F2E9CF04803C01085F7E9355
:20833800DA033C02DA0014D037F002F034DF09F56C0840C402946DFF5EFB82013C365361A6
:2083580020F010F209204A08534120F010D2534120F010D4094F6108370F03F0892F21088F
:20837800536120F010F2092F06094BAF41F04B0F7101C2E0DA1F7F0F0780DA104BF01122D9
:208398008BF200008BF02F033C01534120F010D2534120F010D4094F600837006800370FAB
:2083B80005F0892F2008C211BF21CBFF8B0901F0370F684040C46DFFFCFA02823C01009029
:2083D800910000F8D9FF909149FF000A4942000AA0C644FF642FFC6EDA002C44F4450C44A3
:2083F8002C45DA00894F2C080090405C8208D4CDF44D6DFF99F9022F02F46DFF95F88200D6
:2084180074D002F46DFFB0F909C45D0840D46DFFE2FB4CC54B0F714140D46DFFA8FBF6230D
:2084380082123C634CC44B0F714140D46DFF8BFB40D46DFF29FB82013C34536120F010CF95
:208458000880534120F010D2534120F010DF09FF6128370F03F0892F2128536120F010CFF5
:20847800481F4B2F41F04B0F7101C2E0DA1F7F0F0780DA104BF011428BF400008BF02F03B2
:208498003C01534120F010DF534120F010D2092F602837006800370F05F089FF2028C21131
:2084B800BF21CDFF09CF5C08DE1E82093C178B09014040D46DFFC2FA3B0040F0E29F10DFF6
:2084D800D9FF4020DA0314F037F002F034FF8B09014040D46DFF6DFAC219BF49EAFF40D483
:2084F8006DFFCAFB02823C010090404FF4F5BB0068F99B8FB9F46CF540546DFFD2FA6842A0
:208518006DFF43F36862DA002CF83BD07BF39B6F58F36CF1DA002CFE3BD07BF39B6F58F3DC
:2085380089FF0A09DA0089FF1C08DA0089FF1D080090025FC234B7040200370050808BC87D
:2085580001008B8000406D003E14BC2640240B8F10486D0004003C010090C234B70402F0DF
:20857800370F5000DA00894F1808DA01894F1908804F8BCF01F0C27FB70F03F0744FDA00F6
:20859800AC42DA00AC47DA00894F0A09894F0609DA00AC49AC488940940889459608404246
:2085B8003C0100907C4482021D00F000094F3E09894F0219094F3A09894F3E09894516094C
:2085D80089441A096B0431F5894F3A09144FEE76094F02096B0431054B0F41F0894F220986
:2085F800094F060909403A09094126096B0F61F1894F2609094F3209894F3609094F2E09EB
:20861800894F3209094F3A0909403E096B0031FF894F2E09094F0A0909402E094B0F41F0E4
:20863800894F2A09094F2609094012094B0F01F0370F61F16E06094F1209894F26093C120D
:20865800094F2609094012096700BF0F4B0F01F0370F61F06E07094F120967FFBFFF894F1C
:208678002609094F2209094026096B0021FF09402A096B0021FF894F1E09094F1E0909405F
:208698000E094B0F01F0370F61F16E06094F0E09894F1E093C12094F1E0909400E09670052
:2086B800BF0F4B0F01F0370F61F06E07094F0E0967FFBFFF894F1E093C65144FDF1F638006
:2086D800094F02096B04310509413E096B0131004B0F41F0894F2209094F060909403A09CB
:2086F8004B0F41F0894F2609094F3209894F3609094F2E09894F3209094F3A0909403E0959
:208718007B0000146B1071FF094002196B0021FF894F2E09094F0A0909402E094B0F41F053
:20873800894F2A09094F1E0909402209094126096B01210009412A096B0121006B0021FF88
:20875800894F1E09094F1E0909400E094B0F01F0370F61F16E06094F0E09894F1E093C1210
:20877800094F1E0909400E096700BF0F4B0F01F0370F61F06E07094F0E0967FFBFFF894F0B
:208798001E0909421E093C01009054A058017C423C2334448947020989400609894F0A09DB
:2087B80089450E0989461209DA00894F3609894F3209894F2E09DA00894F1E098200894F8C
:2087D8002A0989402609894F220989400219894F3E09894F3A0900907C423C1EDA00894FDB
:2087F8000219894F3E09894F3A09DA00894F3609894F3209894F2E09DA00894F2A09820092
:20881800894F26098940220989401E09DA00894F1609894F1A090090F445DA006C410C48E5
:2088380096012C480C4896022C480C48B70F01F12C480C48B70F81F12C480C48B70F01F228
:208858002C480C4896202C480940C808DA0837F006F3AC440C49B70F01F22C49DA00894FCE
:208878000E09DA00894F1209DA00894F0A090C49B70F81F22C490C49B70F01F32C49094F58
:208898005808B70F01F0894F1808094F5808B70F81F0894F1808094F5808B70F01F1894F82
:2088B8001808094F5808B70F81F1894F18080090DA00344FDA00AC41DA00AC42DA00AC4353
:2088D800DA002C48DA00AC45A00FEC43DA006C4400908F841EF08F0F0801B70408FC3704AD
:2088F800E81BB71F812BDA7F7FF1048082020090DA967F1F048082023C068B6109F1325FAB
:208918000FF2002037024820760432523702482000908F841EF08F0F0801B70408FC37048C
:20893800E81BB71F812BDA7F7FF1048082020090DA967F1F048082023C068B6109F1325F6A
:208958000FF200203702502076043252370250200090B70408FC3704E80BB71F811BDA7F46
:208978003FF00580DA967F0F0480820200908B6009F1325F0FF10010370168200090B70404
:2089980008FC3704E80BB71F814BDA7F7FF00480D2020090DA967FF0078082058B600961F9
:2089B8001DFF6ECF82058BA016601DFF6ACFB70408FC3704E80BB71F811BDA7F3FF005805D
:2089D800DA967F0F0480820200908B6009F1325F0FF100103701702000908B0420F28B05DA
:2089F80000F5EE0A7B0008008203B700892B8F7301F0A6F2009082029B02F02FBBF0FF3FBB
:208A18009BF3FF3F0F2480000F358010BA008B0100F4EE4C3B7001800B451068BB00FF1FAA
:208A38009BF1FF1F8F0400012651BA008B0100F4EE2182019BF1FF1F8F0400012651BA002E
:208A58008B0100F4EE098F751E107745804302153B0003803C0F8F351F1077458049021527
:208A78003B4002803C078FF51F107745804F0215C2180F2480000F3580108B0020F28B01BF
:208A980000F5EEF202490B6710A8D2148B881E606DFFF7CE0F2A80000F3B8010BA008B01F3
:208AB80000F4EE2B3B0008703C293B600930BB00000F9BF00F0026408F0500118B0020F299
:208AD8008B0100F5EE073BA00830774500568FC4004082009B00080082013C05C2F37745F6
:208AF800805006140B0430F10B1500F20B15A0F2EEF602401DFF7BFF82078BF29F008BF3A1
:208B1800BF1026A026B1BA008B0100F4EE038F0744718BF80760820402951D0076123BD0A4
:208B38003CF19B4FEDF34BF401F02E031D0082147B00F803BBA027F89BAF01F44BF401F0B3
:208B58002E2C3BB0FDF09B9FFCF34B4051406D0071146B02312F00906B0031F46B00210417
:208B78004B0F51406D0066143BB0FDF09B9FF4F36B0F2122009091100048D944B0DF1D0013
:208B980002008208404F8209820A820BC81CC82D483C09FF1001DF1F238080CF160180D031
:208BB8008F100001FE046E04C2FC04DF24CF76CF8F3C00018FEC1FF06E0902F140D2C2F12B
:208BD8006014442164C1FC4E90DD020CDF0CE07FC2FC60C204DF24CFFC2E3CD9DE2580CF29
:208BF8002E03C2FC24C9DF0CD37F8F3C00F106EC76C5C2FC60C264CAFC2F6EC9C2FF60F2D8
:208C180024CBFC2F3CC48F0F1F00DF002E008F3F0001DF102B8080CF8F3F00D180DF160389
:208C3800FEDB76DB02D440C440D56D000F0701CD00C601DD00D6A2DC76CF8F3C00018FEC2E
:208C58001FF06E0902F140D2C2F16014442164C1FC4E90DD020CDF0C9B7F02C440C440D517
:208C78006D00F4063C9400901603DF2F91FF80CF16036E0702F440C46D00D10610CCA2FCC9
:208C9800DF0C867F8F3C004106EC76C5C2FC60C264C8FC2FDF047C7F40C46D00C0061DFF2B
:208CB80077FF205089A4380989A62C0989A73409DA01A00F820909AA1019780C89A90819AF
:208CD80089A9280902A089A90019B70089FBF80678113700E8FB78080258404C029D405DAE
:208CF8008BFF0FC27B00F8B376C658116E04029C09AD30095808BA0F7813F68A3B70060052
:208D1800580B3E043B7004007E0382183C23580D6F5F21803B100600580B3E043B10040054
:208D3800FE095811EE0382083C1582788F3F000082013C06C2F88FC31F107723000E0B0163
:208D58001028FBF0000026202631BA008B0100F4EEF2DA00780F02A46D0035087625DA2DCE
:208D7800780F67AABFAFEE0E580D8F8F0101DA087E03DA2B3C068B000102580FAB0FA2F069
:208D9800780F09A00019AA1089A00019DF0D1600580B910000F8D9FF445210FF081F2E377F
:208DB800910000F8D9FF6442F8063C1B910000F8D9FF6842F8063C15DF0C1D00580B9100E9
:208DD80000F8D9FF445210FF081F2E36910000F8D9FF6C423C05910000F8D9FF7042F8061A
:208DF8005810BB90FF0F9239580D260F780D1D008C013B100600580B3E053B1004005F0F52
:208E180027805808AB1F18FF780858109230F683580D2E22C210428058083BC0F91FC22091
:208E38007FF106003B4006103F1F0400DA033C0A3B60FF1F7FF106003BA000103F1F040012
:208E5800DA02780C580C12091D005F01580849AF0A0A6E7549A4140A02A46D00941009ACD8
:208E78001409022A370CE8FB82006E55BBF028EC49AE130A7B0012D49B5ECFE33C3F49A2E1
:208E98000A0A7D2E0C8049AF120A49AE130AA07209F03FF489E03FF4FC2CBBD0CC0C580585
:208EB8009BC0DC0349A4140A4B0F41406D006B1089A20609DF0914806B0E21F24BDB41B039
:208ED8004BDF41406DFF07FD762A4BBC514049A4140A82196D00571089A2060909AF0609AC
:208EF8006B0E21FF4BDF41406DFFF5FC8B0203F089EF3FF4580AC21F780A5805370FE8FB43
:208F1800EEBF3C0304EF24FF49A2130A012E20F4EEFA3C154B0A01F06F2F12007B0012042C
:208F38003C064B0A41A0580AC2FF780A4B0A41F089AF06094BBF01F06F0FF5FF3B60061011
:208F5800580B028082093E143B6004107E13580A12803B500610580B3E143B5004107E127E
:208F7800C210CE03DA003C038B7000F310A2492E0A0A3C117B0012F449A4060A4BFA414061
:208F98006D000110022A09A406096DFFA4FC8B0203F024FF01FE20F4EE0649A2130A012F65
:208FB80020F4EEE909EF000840EFC25F3C0A49AF0A0A01EF30F4EE0740EF09EF3FF4C21FC8
:208FD80034EF3C08DA3134EF49EF010A580AC21F780A09E00008DA393F0FEB7F89F93FF06F
:208FF80049A20A0A012F20F4EE0609F00008DA305F0FF67F3B500600580BBE013B500400F2
:209018003E0E3B6006005F0F3C003B6004005F0F3800580A3FF80400FFDF330058103B50BB
:20903800062049AF0A0A9210580B09A10A083E243B5004207E2C761349AF0B0A14FFEE04CF
:20905800580DAE227682C21042803C17028276158BF81F2049AF0B0A14FFEE03580D2E224D
:20907800C21082013C0814FFEE03580D2E23C210B01FC2113F21F97F8B4000903C453B60C2
:209098000600580B3E043B6004007E0F09A02809FA10AB10A09F581042F9F684580D6F2FE3
:2090B80034001A8992193C300280580A49AF0A0A4EF4581092193C0D09A1280958101219AE
:2090D800021F14F17612B01FABF01F00C2FFEEFA14FF6E02F604580D6F2F1700580AC219C4
:2090F800325F3C04C2FFC219C2F07607FF1FFC7F3C04C219B01FC2F0760314FFEEFB580DAD
:2091180016042B09009F580F6E0D580D16036E0A61FF73CC09A43C0940C46D005304DA003F
:20913800780FD806BD0F1A803B100600580B3E043B100400FE02580D16036E0F54DFC22FE8
:2091580061FF48CC6D003E04580B40C48B7F01406D003804DA017812580D6F0F1680580E35
:20917800A29F3C0F61FF49CC580D40C416028B0F20F2864F8B0F02406D002404580EC2FF3C
:20919800780EFF1FF17F580F6E0861FF36CC09A43C0940C46D001604D806BCFA40F440C51A
:2091B8006D001F0454DFC23F74DF1D008A013B100600580B3E053B1004005F0F9F808F284E
:2091D800200058138B7001018B1F03A1BF1022008201DA177FF00800821258110F02102087
:2091F800262F6E02821182F2C2F00F0200F0C6F2F6145811262F6E045811A62F78115811B6
:20921800C21F7811EF7F0600DA0078113B2003A05812EE0D54DFC22F61FFDCCB6D00D20325
:20923800580B40C48B7F01406D00CC0361FFE5CB02A440C46D00C603F683580D2E2561FFA7
:20925800D6CB6D00BF0358113B8001B054D08F1F00A0428074D03C183B000340DF0B11000C
:20927800C2CB02B032500F0A00F0160F8B0F0340DA397F4F0600580B8B6F1CF042F440C480
:209298006D00A003C2F8FF18E97F580B40C48BFF00406D0097035808CEF63BD00240325F33
:2092B80078083C033BB0024040C46D008B03580C54D0C22F42F0580C820110AF34F13BA05A
:2092D8000010580CC2FF370F68F0780C10AF58084B1F01228B0303F034FF09A220094B128E
:2092F800012289A26009DF02EEFF74D040A440C56D0077031D00E5003B50060049AF0A0A1E
:20931800BE013B5004003E0E3B6006005F0F78003B6004005F0F7400580A3FF80400FFDF18
:209338006F0009A00A08580AAB1F20A076093B700610580B3E143B7004107E12C2F861FFA1
:209358005CCB76063700684049AF0B0A3C033B00034040C46D00360314FFEE0B580DAE29B7
:20937800768C3B500600580B3E043B5004007E0561FF3DCB6D002603820B3C1A09F00008A9
:20939800F60A580DAE283B500610580B3E143B5004107E1D61FF31CB760537006840B01F65
:2093B8003C033B00034040C46D000C03C21B3F8BE77F61FF22CB580B40C48FDF0F416D006C
:2093D8000103C2FA54DFC21F0EA43BB002403C04325A3BD0024074DF40C46D00F30261FF90
:2093F800FECA8B00034040C46D00EC0261FFF7CA8B01034040C46D00E5023C6209AA280996
:209418004EA854DFC21F61FFE5CA6D00DB023C1954D0C21074D014F47643B01F3C033B0038
:20943800034040C46D00CE023B600600580B3E063B6004003E03ABF81F88C2FAFF1AEA7FE0
:209458003B600600580B3E063B6004003E0314FF6E02F684580D6F2F340061FFCECA580A3E
:209478003BE00240325F3C0854D03B000340C21074D0C2FFC2F840C46D00A402768BFF1F39
:20949800F57F3C0861FFB9CA04F440C46D009A02C2F8768314FFEEF73B600600580B3E0E19
:2094B8003B6004003E0B580D2E2B3C0854DFC21F61FF90CA6D008602C2F8DF08F9FF580EE8
:2094D800A29F3C0A54D03B00024040C4C21074D06D007802C2FFFF1FF77F00902010404CAA
:2094F800405D89A68C09DA00780209D40008DF045002DA257E4409D001047E08B01D49A5A5
:20951800080A40C46D0054023CF1820A0BAA108809DF01003BD002007E048F1A40A13CF91D
:209538003BB002007E07BBF0FE0F26A08F8040A13CF03B0002007E066F3AECFF8F0A41A137
:209558003CE83B0003007E048F2A40A13CE23B3002007E048F4A40A13CDC3BA00200FE03B8
:20957800D803B04FF80309F83CF9CE848F1A40A1325809DF01003C0D13A820FF8B0F1D801F
:2095980009DF01008B0F1D0037006800BFA0F6FF3BE002005F0F23808F0A42A109DF01008D
:2095B8003BA00200FE05D803B04FF80309F93CF9CE968F1A40F1BBF0FDAF26FA09DF010009
:2095D8003C0D13A920FF8B0F1D9009DF01008B0F1D0037006800BFA0F6FF3BC006007E04F2
:2095F8008F0A48A13C1E3B8006007E048F0A44A13C183BC004007E048F0A50A13C123BA02E
:2096180006007E04B71A81A43C0C3BA007007E04B71A01A53C063B400700FE01B71A81A5D7
:209638003BC006003E043B8006007E0709D000087E04B71A01A6B01D09DF01003B30060087
:209658005F0F2F808F1A00F1EE0E3C093B00024049A5080A40C46D00AB01C2F87F8904009A
:20967800FF28F67FD80340C449A5080AB04FF80309F03CF9370048406D009A01DF0F377FC4
:209698003C093B00024049A5080A40C46D009001C2F87F892C7FFF28F67F1DFF28FF3B4027
:2096B8000600BE013B9006003E0E3BF006003E0B3B8007003E083B8005003E053B50070099
:2096D8005F0F598082023B4006003E043B9006007E0282123B0008010F0A80105F010400AE
:2096F8006F9A05003B8000003C0282403B8000105F100980D80349FF080AF80309F078F92C
:209718003C15D803B04FF80309F03CF90B0000080B0110483B0004010F0A80105F010D8090
:209738007628370448000B0000080B0110483C13370468403C0F3B0004005F010B80762636
:20975800370450000B0000483C06370470403C02F62282056F5A0600BBD0FF0F260A3C0233
:2097780082190BFA106889A440090B8910481D00CB003B300700FE066F5A0680BBF0FF9F61
:209798009BF9FF97D8030BA8104840C5029649A6080AB04FF80309F4BCF96D00CC021DFF00
:2097B800A6FE3B600600BE063B600400BE033B500600BE003B5004003E0D3B7006003E0A06
:2097D8003B7004003E073B1006003E043B1004007E0DD8038F0A0211AB698091B04FF8036A
:2097F80002F609F03CF974A03C2C3B200700FE086F6A0800D803B04FF80309F03CFA3C0620
:20981800D803B04FF80309F03CF98F0A02F1EA69DA004BF051F174AF3B6006603C123B202A
:209838000500FE09D8038F0A02F1EA6949FF080AF80309F478F96DFF05C83B60066074A237
:209858000B89104849A5080A02A740C46DFF2BFA1DFF4DFE3B0007005F0F5D806F8A450094
:209878006F0A0E80DA113C093B00024049A5080A40C46D009D00C2F83F8FF8FFD803A03ED6
:2098980049FF080A09FF3FF449A5080A370F684040C46D002101FCE73BA0034049A5080A99
:2098B80040C46D008500D803A03E49FF040A09FF3FF449A5080A370F684040C46D000C01E4
:2098D800FCE7DA113C093B00024049A5080A40C46D006E00C2F83F8FF8FFD80349FF080A4D
:2098F800F8031DFF04FED8033B8000400245B04FF8038F2A407109F03CF9820189A0400993
:209918003B80076049A5080A40C46D0000011DFFEEFD3BE006005F0F37803B0008010F0AF1
:2099380080F03E036F9A0E00D803B04FF80309FFBCF909A00809820189F040091DFFD7FDC6
:209958003B000401260ADA407EAAD803B04FF80309FFBCF95802B4FF1DFFC9FD5F0A0B80C8
:20997800D803B04FF80309FFBCF9580234FF1DFFBEFDD803B04FF80309FFBCF9580274FF7A
:209998001DFFB5FD910000F6DA1959FF3C2009A208090090910000F6DA1759FF3C203B0000
:2099B80004406D000C007B00FC27009037046840545FC21F745F1D000500BA0492F2009066
:2099D800D44FBCF440F41D00170BCC414C4280F07FF0068034F4CC41B01FEC410090404FD9
:2099F800405C3C06370F684040C46DFFEBFF09FF0100EEF900903704E82BB704894B8BF24F
:209A18000F228B04002400903704E82BB704894B8BF20F228B04202400903BF00F00804FC3
:209A38001603063F0FF0100082FFC6F0C2F4604F804FB70F02F060F2B014542F260F742F0D
:209A580077000004FCF60090804F16033BF00F008F3F00100F10100082F1C610C2F4604F14
:209A78008041B7010220095101008F3F0030B0140F3110106022C21F542216032602A612E4
:209A9800742277000004FDF0ED7F0090404F0B4510A849FD160A026840FCDA0034DF82079B
:209AB80002860BAB10486DFF11C723820A0A0B2310A88BA060F2CA708B0003F089DF3FF445
:209AD8008B0220F28B0300F5EEEB04DF24FFEEFE40C200900248404F8FC83F40405CDA09C1
:209AF8000B4F2001DA37AB0F83F042F46DFF60FF8FF8000140F4DA0940C50B0F2011DA3794
:209B1800AB0F834142041DFF53FF026E2020DA58404F0B4510A8405C027909AC60098208C3
:209B38005FEF7300DA643EEDDA693EEBDA6F5FEF6C00DA75BEE4DA785FEF67001D00ED0072
:209B5800D2000B0C50F10B1D00F20BD190F2EE073BD002800BC0C0C00BD1D0D00BCD1048D2
:209B780040A43BA000606DFF93FFF6B6BA0C8B0D00F4DF0FDF8040A46D009A0A370268C00F
:209B9800DF081180DA753EE88F890101DA087E043BB002803C078F8901F18B0F01F2AB0848
:209BB800A28F768CABFA1FAA8F3900F16E0740F4028440C56DFFFCFE82086F0914808F294B
:209BD80000F18B0F20F2864F8B0F02F03C0740F402F440C56DFFECFEC2FA7FAB04003FACD2
:209BF800F87F768E40F4028440C56DFFE1FE3C08C2FB61FFEAC66DFFDBFEABFA1FAA3FBC09
:209C1800F97F1D008A008BFE268240A48F3820F08B8F00600BCD10486DFF3AFFDA78FEE39F
:209C380014AF40A26E10092000088BF01BF0370F6810DA193F1F05808B0002F0342F092F86
:209C58000104EEF240A46D00330A370268F078068B0C20F28B0D00F5EE0AF6B6DF086A80BF
:209C78006F296800821BBBB0FFFF26F96F291B006F191300768E61FFA8C66DFF99FEABFADF
:209C98001FAA40F402E440C56DFF92FEABFA1FAABBB0FFFF26F9DA6F7EE558063FBF0300C7
:209CB800921B6F29090076875806C22BC22F370F68F078066F0915808F2900F18B0F20F287
:209CD800864F8B0F02C03C0740F402C440C56DFF6FFEC2FA7FAB050058063FAFF77F6F29DB
:209CF8001900DF08170061FF70C66DFF61FEABFA1FAA40F402E440C56DFF5AFEABFA1FAA15
:209D18003C08C2FB61FF61C66DFF52FEABFA1FAA58063FBFF87FBBF0F74F40A4BBF0FF6FB8
:209D380040F5269440C602A59BF6FF671D00030000900248404F025F405C0269406D6D006D
:209D5800B709022A6F0819803C083B00024040C440D56DFF2DFEC2FF3FFAF97F3FF9F77F5E
:209D78003C0BC2F909F40100DF04110040C440D56DFF1EFE8AFFDF09F6FF3C083B0002400F
:209D980040C4C2FF40D56DFF13FEEEF90090910000F6D9FF0400D4F291200056D955408AB5
:209DB80001240046015420F4EE0891200056D955C08A014530F4EE0482FF60F20090F4F49B
:209DD80000908F141E20009002483708E8FB8209EE03028200904B9801F02E046788BF8F2B
:209DF80082197B00F8F36B88714F6D0033093B3033F39B3FF3F34BF801F0AE264B28514091
:209E18006D0096003C0B3BB0FDF09B9FFCF34B8251406D008D006B02312F76936722BF2F3A
:209E380000900B4510886DFFF1FDF62502946DFFEDFD76246B092128009002846DFFDDFD7E
:209E5800DF021B007B00F8F74BF901F02E163BB0FD409B94F4433C4D7B00F8FF4BF901F04D
:209E78001602BB40BE4C9B6401443BB0FD009B90FC036A043C3E3709E8FB8200BA0F6E197A
:209E98003708E8FBEE098F191EF03BB0FD209B9204246A8200904B0801F016043BB0FD209C
:209EB8009B92FC233BB0FD009B90FC0B6A0200904B0901F06F0F2C003708E8FB6E164B0840
:209ED80001F02E2E3BB0FDF09B9F04F46788BF0F4B9051406DFF25F66B02312F00907B008B
:209EF800F8FF4BF901F02E183BB0FD409B94044402851D002A004B9851406DFF12F63BB098
:209F1800FDF09B9F04FC6B0F212200904B0801F02E254B9851401DFF04F66788BFFF4B9FFD
:209F380051406DFFFEF56722BF2F0090DA004BF401F02E231DFFF5F56744BF4F6DFFF1F5A6
:209F58006722BF2F0090B704812F8F151EF08FFF01F0A6F200907F46040002623C077F54DB
:209F7800040002523C0302423C010090DA003C0B910000F7D9FF306010FF14F482256D00E5
:209F98001217C21FBFFFF6FF00906D003012910000F7D9FF146054FF910000F7D9FF1860AE
:209FB80054F0420F02246D00321202F23C010090404F405C6D001B1291000027D92228605C
:209FD800542F74FF910000F7D9FF2C6054FF74CF02246D001C120090024F02586D0007126F
:209FF800910000F7D9FF206074FF910000F7D9FF24607B00F8F34BF841F074FF02246D0032
:20A01800061200904B6401F0AE03DA003C02DA01910000F7D9FF305034FF4B7501F0AE03C7
:20A03800DA003C02DA01910000F7D9FF345034FF0090200882023C30532220F010AF53229D
:20A0580020F01042092FC008B4FF02203C169AF0532F20F010AF09F1C0089AF0532F20F0A6
:20A0780010AF532020F010A2092FC008B4FF532020F010AFB4F1C2F0760E9AF0532F20F0E8
:20A0980010AF09F1C008532020F010AF09FFC0083F1FDFFFC212BF32D1FF09A2C2083C0192
:20A0B800009082081D009800910000F7D9FF306001F800F614F46D004916910000F7D9FFA6
:20A0D8002C5014FFEE2D82003C0E532020F053682010910000F7D9FF0C4001F100F610FFE1
:20A0F800B4F2C210BF30F3FF534820F0910000F7D9FF001010FF4B02610174F0532820F027
:20A11800910000F7D9FF200010FFB4F2532820F0910000F7D9FF000010FFB4F23C5B91002A
:20A1380000F7D9FF285014FF532F20F053682000910000F7D9FF0C4001F000F610FFB4F2F8
:20A15800536820F0910000F7D9FF0C4010F46DFF72FF532820F0910000F7D9FF200010FF75
:20A17800B4F2534820F0910000F7D9FF001010FF4B026101534820F091000027D9220010DA
:20A198001022542F6B0F31003B40D8109BF1F213534820F091000027D92200101022542F30
:20A1B8006B1061FF74FF532820F0910000F7D9FF000010FF534820F091000027D9220010D1
:20A1D8001022542F7B00F0036B00214F6DFFF1F3B4F2C218BFF86AFF910000F7D9FF2C509D
:20A1F80014FFEE0E910000F7D9FF2C50DA0134FF910000F7D9FF2850DA0034FF3C0F91008D
:20A2180000F7D9FF285091000027D9222850142FC21F82304B0F110234F100900D000002AD
:20A238007B00F88382046DFF80C88270DA010F0F00F0892F28296D001928022982046D0026
:20A258000318370270A082246D00FE17370270F0910000F7D9FF385091000027D9220060C6
:20A278000920C0080B0A800037007000370050003250B4F0910000F7D9FF3C509100002748
:20A29800D92204600920C008520037007000B4F0910000F7D9FF0060B4FA910000F7D9FFEB
:20A2B8000460B4FF910000F7D9FF106054FF5AF9910000F7D9FF106074F982046D00A71012
:20A2D8003B90D00306303F0F0F803B90D00306703FF00A803B0040029B408F044B0F61F151
:20A2F8004BF05180910000F7D9FF086091000027D9223850942F4B0F41F14B8F41F074FF6A
:20A31800910000F7D9FF0C6091000027D9223C50942F4B0F41F14B8F41F074FF910000F7C5
:20A33800D9FF086054FFBB00000E9B7051044B0F01F06F2F2980910000F7D9FF086054FF9C
:20A35800BB00000E9B70510C4B0F01F06F0F1C80910000F7D9FF0C6054FFBB00000E9B705C
:20A3780051044B0F01F0AE2F910000F7D9FF0C6054FFBB00000E9B70510C4B0F01F0370F67
:20A3980061F06E29910000F7D9FF2060DA0074FF910000F7D9FF2460DA0074FF910000F7D7
:20A3B800D9FF2860DA0074FF910000F7D9FF2C60DA0074FF91000047D9443C106DFF0EF2F2
:20A3D80091000047D94404306DFF08F26D002F031D00B4006D002403762F910000F7D9FFCD
:20A3F8002860DA0074FF910000F7D9FF2C60DA0074FF1D00A300910000F7D9FF1460910012
:20A418000027D9221460542F91000027D92238509420420F74FF910000F7D9FF18609100EF
:20A438000027D9221860542F91000027D9223C509420420F74FF910000F7D9FF1C609100C3
:20A458000027D9221460542F4B0F41F1BB00000F9B2075044B0F51F091000027D92218607B
:20A4780054204B004101BB00001F9B2175144B1051006B0021FF7B00F0034B0F41F074FF01
:20A49800910000F7D9FF086054F4910000F7D9FF206054F5910000F7D9FF286091000047AB
:20A4B800D9443C106DFF80F074F2910000F7D9FF0C6054F4910000F7D9FF246054F5910007
:20A4D80000F7D9FF2C6091000047D94404306DFF6BF074F2910000F7D9FF2860910000C773
:20A4F800D9CC286054CF910000C7D9CC206054C87BA03F944B9841807B7038944B9851805E
:20A518006B0821FF74FF910000F7D9FF2C60910000C7D9CC2C6054CF910000C7D9CC246004
:20A5380054C87BA03F944B9841807B7038944B9851806B0821FF74FF0D00400200802040B5
:20A55800910000F8D9FF84A149FF000A49A2080AA03444FF642FFC4E7BD03BF478067BD0D7
:20A578003BF47807DA007808DA007809DA01780D6D002F0A6D00E50A6DFFFAFC820482157F
:20A5980082166D009E158224823582366D0099156D005A02BBA070FD9B3FCAF374AFDA0096
:20A5B800780191000047D9443C1082047BA05F547BA04F647B0014746DFFE9F0BBA070FD97
:20A5D8009B3FCAF374AFDA00780191000047D944043082047BA05F547BA04F647B00147408
:20A5F8006DFFD5F06D00010A3B7002403B4006503B8057606D00611E3B007D406D002015E4
:20A6180082446D008A10BBA0704D9B34BA43BB00005F9B2575546D002406BB00004F9B246E
:20A6380075446D009F0882046D002B1582246D002815910000F7D9FF006082046D000416E5
:20A65800B4F2910000F7D9FF046082246D00FC15B4F2910000F7D9FF10606D00072674F2DE
:20A67800910000F7D9FF3850DA00B4FF910000F7D9FF3C50DA00B4FF82043B8038516D009D
:20A698001A191D00B2016DFF0EFD91000047D94400007BD03B4449A5080A6D0068076DFF21
:20A6B80076FC02288209820A820B820CDA00780C820DDA00780ADA00780B3B3033F39B3FA3
:20A6D800FBF3780E820E5804780658057807910000F6D9FF3C0009FFC0086E36910000F612
:20A6F800D9FF3C0009F0C008DA303F0F2E80910000F6D9FF3C0009FFC008C2FF538F22F047
:20A71800910000F8D9FF94A110FFD4F291000047D94420002D0200000229084A09FF0609DE
:20A73800780E09FE0A0909FB0E0909FC120909FF1609780C09FF1A09780B09FD1E0909FF98
:20A758002209780A3C076D000F023B00E2446D007714910000F6D9FF041014FFEE08769593
:20A778000BA810486D0005091D00CB00910000F6D9FF041014FFDF1F38800B8B104802C661
:20A798006D006C07DF022F006D00E507DF022000BBA070FD9B3FBAF34BFE41F0BB00000FC4
:20A7B8009B2075044B0F4140BBA070FD9B3FBAF34BFE41F0BB00000F9B2075044B0F4150C0
:20A7D80009A6180909A71C096DFF1EFC6D00C3077624DA00780D3C03DA01780D02846D0074
:20A7F800DF081D008E00910000F6D9FF041014FFDF2F64806D00AF07DF025200580DEE4F3F
:20A818006D008B05F62C910000F6D9FF081054F43B401F506D00CD08DF024200DA01780D93
:20A838006D005005910000F7D9FF3050DA0034FF910000F7D9FF3450DA0034FF6D00D70D0F
:20A85800022F910000F7D9FF2060820074F0910000F7D9FF2460820074F0910000F7D9FFBF
:20A878002860820074F0910000F7D9FF2C60820074F091000047D9443C106DFFAFEF9100A4
:20A898000047D94404306DFFA9EF82046D00100182046D003B0102F46D00B90D028409A574
:20A8B800300909A62C096D00F507580D6E05762402846D006C083C24910000F6D9FF04104E
:20A8D80014FFDE370B8D104809A628096D009707762F910000F7D9FF3050DA0034FF91003A
:20A8F80000F7D9FF3450DA0034FF6D0014073C08DA01780D6D00E60482046D002B089100A6
:20A9180000F6D9FF041014FFDE11BBA0700D9B30BA03580E4B0F41F0BB00000F9B207504EC
:20A938004B0F41F0780678073C23910000F6D9FF041014FFDE2D6D000E07762B580DEE0908
:20A9580049A4180A49A51C0A02E46D00C5033C10BBA0700D9B30BA03580E4B0F41F0BB0049
:20A97800000F9B2075044B0F41F07806780709A4180909A51C096DFF31FB910000F7D9FF5B
:20A99800305014FF6E043B008F8D3C028208910000F7D9FF345014FF6E043B008FFD3C020D
:20A9B800DA0049A4200A49A5240A6DFF03FB09A420096DFFB0EF3B0071620B2810486DFF22
:20A9D800CCFA022809A424096DFFA5EF3B0071620B2F10486DFFC1FA0B8210486D0012006A
:20A9F80082146D002D131DFF50FE00906D00290882046D000C0D6D00F8073C013C000090E3
:20AA1800024F02586D00F30C02F46D00510002846D007C0082046D00FA0C0090910000F6D4
:20AA3800D9FF080014F23C010090910000F6D9FF0800DA0134FF82046D003A0082046D00B6
:20AA580065000090910000F6D9FF0800DA0034FF3B402A408215820682376D00C3163B50E7
:20AA78002A408215820682376D00BC163BC002403B80265482066D00201C3B8005403B80DF
:20AA9800265482066D00191C00903B0071F27F4F05003B0071223C0A3B008FFD7FF40500A6
:20AAB8003B008F2D3C0302423C010090910000F6D9FF080014FF6E0282046DFFE8FF022F43
:20AAD8008EFC3B402A4082156D00CF163BC0024002F56D009D1C3C18CEFD325F3B402A4017
:20AAF80082056D00C2163BC0024002F56D00901C3C0B3B402A4082056D00B7163BC00240FB
:20AB180082056D00851C0090910000F6D9FF080014FF6E0282046DFFBAFF022F8EFC3B501D
:20AB38002A4082156D00A1163B80054002F56D006F1C3C18CEFD325F3B502A4082056D0050
:20AB580094163B80054002F56D00621C3C0B3B502A4082056D0089163B80054082056D008E
:20AB7800571C009082046DFFA3FF82046DFFCEFF00900D00000282046D00490C82046DFF8E
:20AB9800D4C3DA0982180FF80080892828290D00400200800D00000282046D00380C821455
:20ABB8006DFFC3C38278DA010F8F00F0892F28290D00400200800D00000282046D00270C1B
:20ABD80082146DFFB2C3DA0982180FF80080892828290D00400200800D00000282046D000F
:20ABF800160C910000F6D9FF1020D4FF2D0F00000D00400200800D00000282046D00070C99
:20AC1800910000F6D9FF1420D4FF2D0F00000D00400200800D00000282046D00F80B8244E0
:20AC38006DFFE6E3762B82446DFFBAE2910000F6D9FF1C20D4FF2D0F000082046DFFD8E301
:20AC5800762D82046DFFACE26D00E30C910000F6D9FF0C2054F46D007C030D0040020080CF
:20AC78000D00000282046D00D20B82146DFFC0E3762482146DFF94E282546DFFB9E37624AE
:20AC980082546DFF8DE20D00400200800D00000282046D00BC0B82246DFFAAE37624822474
:20ACB8006DFF7EE282646DFFA3E3762482646DFF77E20D00400200800D00000282046D00C2
:20ACD800A60B82346DFF94E3762B82346DFF68E2910000F6D9FF2020D4FF2D0F0000827461
:20ACF8006DFF86E3762482746DFF5AE20D00400200800D00000282046D00890B91000046F3
:20AD1800D94414E06DFF9FC20D00400200800D00000282046D007B0B0D00400200800D000A
:20AD3800000282046D00730B91000046D94440006DFF89C20D00400200800D000002820439
:20AD58006D00650B910000F6D9FF1820D4FF2D0F00000D00400200800D00000282046D0087
:20AD7800560B91000046D9446C106DFF6CC20D00400200800D00000282046D00480B91009B
:20AD980000F6D9FF2420D4FF2D0F00000D00400200800D00000282046D00390B910000468E
:20ADB800D94458306DFF4FC20D00400200800D00000282046D002B0B6D002D0B0D0040025E
:20ADD8000080C234B70402F06E659249DF096300910000F6D9FF043054FFEE1582046DFF64
:20ADF800D8F7802F325F160392446DFFD2F78020DFF051001022F4F291000046B542003032
:20AE180082007420D4FC820A3C0310CCB0FC54CF6E036F0FFCFFF4FC3C1DB70801F010CFFC
:20AE38006F08188054FFEE1182046DFFB2F749F4040A7D420F80325802846DFFAAF7802F99
:20AE58001EF874CA82083C0CAE0442F874C840CF40FC54C876856F08E2FF3F98E0FFDF0835
:20AE78002680BF19180002946DFF93F7802F9EF249CF040A01F220F4EE0D012F30F4EE12DD
:20AE9800802F325F1603102F92446DFF82F7802F5EF3A002009001CF2020802F960174CF7C
:20AEB80040FC01C900F674FA3C0A9A493FF8078001C900F6A29874F83C0202898F1940F121
:20AED80074CF49C2040A0090DF043000404FBF842780804F8F3F000180518F3100115F1033
:20AEF8001F802E06C2F4045F344F494F010A80FF2E16045F24FFC2E4045F24FF8F740001AF
:20AF18008FD41FF06E0B02F14052C2F160160922480189F24801FC6CD05502047646C2F443
:20AF38006042045F24FFFC2E40420090404FBF852380804F2E05C2F53444494F010A80FFCC
:20AF58002E1424F4C2E524F48F7500F106D5DF051200D200764A370468008F802010A610D0
:20AF78008F002110A6100201C2F5605289F04801FC2E02F57655C2F5605224F4FC2F4042FB
:20AF98000090024F370FE81B8F1F1E00DAFF7E17024F7444B70F89FB6E123C0B8FF001504B
:20AFB800DA7F7FF10900DA00B70F81FFA65F744F02420090DA963FF10A007444DA00B70FE9
:20AFD80081FF8FF00120A6F20090B704890B8F71012082F38B6109110F1300302630B700C7
:20AFF800890BA652A60274426B0231F4B70F812FA6520090024F8204370F68506D00352523
:20B0180002F23C0100906F770C006F0505808FF707F16E06C215EF850400C21606F5B7059C
:20B0380089FB8F7601008F840120A60FA6F20090201049A6100AA00FF4AF89A4840982FF97
:20B05800780240A46DFF4CF2D801DA0034FF009002483708E8FBEE05820402851DFF75F766
:20B078006DFFCBF4DF022280DA004BF801008F3000F16E056F001A001DFF8EF44B0891F1CD
:20B098007B00F0034B0841007B00FC134BF041206BF271214B2F41F04BF041006BF071018D
:20B0B8004B0F41F04BF8418002820090404F044FEEFF01F420F080F2C2F200903C08C2F451
:20B0D800044F04506E023E0352020090DF04F9FF82020090404C405DDA004BF401F01606DE
:20B0F8008B0F20F2EE046744BF8F3C020248DA004BF401F016068B0F20F2EE0382243C0272
:20B118008214910000F6D9FF180014FFEE036D005B00910000F6D9FF0C0054F4910000F604
:20B13800D9FF100091000046D94408307B402B546DFF3AEA74F2910000F6D9FF100054F000
:20B15800DA004BF001F0370F61F06E028200910000F6D9FF180014FF5E166B0031486B00FB
:20B1780021883C056B0021486B0031887B8024F44BF401F0370F61F16E037B8024447B802B
:20B1980024FC4BF401F0370F61F06E037B80244C7B8024F44BF801F0370F61F16E037B8089
:20B1B80024847B8024FC4BF801F0370F61F06E037B80248C6D00760074C202846D0072004F
:20B1D80074D20090024F6D001209022891000046D94408306DFF02EB910000F6D9FF0C008E
:20B1F800820074F0910000F6D9FF1000820074F0910000F6D9FF240091000026D9221400B3
:20B21800542074F0910000F6D9FF280091000026D9222C00142034F0910000F6D9FF18000A
:20B2380034FF5E1E910000F7D9FF3050DA0134FF910000F7D9FF3450DA0034FF3C0D91008E
:20B2580000F7D9FF3050DA0034FF910000F7D9FF3450DA0134FF02846D00D90800902008FC
:20B27800910000F6D9FF200074F4910000F6D9FF1C0074F5DA0074AFDA00780191000046C4
:20B29800D944083082047B8012547B000064BBA0707D9B37CA736DFF7AEA6D001300009044
:20B2B800910000F6D9FF200054FF4BF441F0910000F6D9FF1C0054F04B0F41203C010090ED
:20B2D8006D009508022F910000F6D9FF1800820034F0910000F6D9FF2800820034F0910040
:20B2F80000F6D9FF1000820074F0910000F7D9FF3050820034F0910000F7D9FF3450820086
:20B3180034F091000046D94408306DFF67EA02F46D007D080090910000F6D9FF180014FF06
:20B338006E07910000F6D9FF280014FFEE0382023C0E910000F6D9FF0C0054FF7B402B047F
:20B358004B0F01F016068B0F20223C0100903C057B403BF46B0F31447B403BF44BF401F091
:20B3780016068B0F20F2EEF53C057B403BF46B0F2144DA004BF401F06F0FF9FF910000F6F9
:20B39800D9FF140074F4910000F6D9FF2C00DA0134FF910000F6D9FF180014FFEE023C2FC3
:20B3B800910000F6D9FF280014FFEE13910000F6D9FF240074F4910000F6D9FF0C00DA00AA
:20B3D80074FF910000F6D9FF2800DA0134FF3C17910000F6D9FF240054FF6B0F31446D00C8
:20B3F8001000DA004BF201F0370F61F06E036722BF2F910000F6D9FF0C0074F200903C05FC
:20B418007B403BF46B0F31447B4033F44BF401F06F2FF8FF3C057B403BF46B0F21447B40CF
:20B4380033FC4BF401F06F0FF8FF02423C0100903B00D0269B9212246B4461224B4441F089
:20B45800BBE0F408BB50061D9BA014049BB10C146B1F61106BF261F04BF151F04B4F41202F
:20B47800009082203C0D532020F0104F09FFC0083B0065143FF1048082023C06C210BFD0F8
:20B49800F4FF82123C010090094FCC084B0F61717B00F883094FCA084B0F61F17B00F803A6
:20B4B8000941C8084B0161117B00F8230943C4084B0361317B0000440945C6084B05615131
:20B4D8007B00FC634B6541506B4361356B2161136B0F61F16B87617F094FD8084B0F616103
:20B4F8007B000084094FD6084B0F61517B00FC93094FD4084B0F61F17B00F8030941D00871
:20B518004B0161117B00F8230943D2084B0361317B00F8434B4341306B2161136B0F61F138
:20B538006B9561FF6B8661FF6B0F31F70940CE083B007D107F0106807B0000044B0F41F0A9
:20B558004B0F31213C0100904B6401F0370F61F16E0302623C0A4B5401F0370F61F06E036F
:20B5780002523C0302423C010090404C0248405F40C46DFF78FF762ADA0074FFDA006CF18F
:20B59800DA006CF2DA006CF33C5440C46DFF7EFF74F254FF3BC0E00F7FF00A0054FF3B40BB
:20B5B8001F007F0F0500DA006CF13C1F54FF3B401F003F0F0F0054FF1BCFE0FF4B0F41F13D
:20B5D8003BF026019B30C0034B0F41F06CF13C0D54FF1B4F1FF04B0F41F13BF026019B30CD
:20B5F800C0034B0F41F06CF148147BA04F5C7BA04F646DFFABFF6812481F6B0F21F86CF2B0
:20B61800481F6B0F31F86CF348247B8024547BA04FF46B0F21686DFF99FF682248347B8064
:20B6380024547BA04FF46B0F21686DFF8FFF68320090024F02546D00F600532220004E0305
:20B6580082123C0A910000F6D9FF340054F1A21F0B0F40213C010090024F02688209910040
:20B6780000F6D9FF081054F46D00A30176270BF810486DFFE0FF7622821902923C0100909C
:20B698008202094FC0083B401F003F0F0880094FC2083B401F007F0F0F80094FDA083B40F0
:20B6B8001F003F0F0880094FDC083B401F007F0F038082123C0100908202094FC0083B4016
:20B6D8001F007F0F0980094FDA083B401F007F0F038082123C010090910000F6D9FF041063
:20B6F80034F4910000F6D9FF08106D00BF1D74F200908202094FC2083B401F007F0F0980FD
:20B71800094FDA083B401F007F0F038082123C010090910000F6D9FF3C0009FFC008BBF0B5
:20B73800FF0F7F0F0E80910000F6D9FF3C0091000026D9223C00092FC008C21FB4FF910019
:20B7580000F6D9FF3000DA0034FF82046DFFC6FF0090910000F6D9FF300014F23C0100901D
:20B77800910000F6D9FF380074F4910000F6D9FF3C00DA01B4FF910000F6D9FF0410DA003C
:20B7980034FF910000F6D9FF3000DA0034FF910000F6D9FF0810DA0074FF910000F6D9FF9F
:20B7B8000010DA0074FF910000F6D9FF3400DA0074FF6D009B1D00908202094FC0083B4060
:20B7D8001F003F0F0880094FC2083B401F007F0F038082123C010090024F02546D002300F7
:20B7F8004E2382123C0A910000F6D9FF001054F0A20F0B2F40213C010090024F02688209D4
:20B81800910000F6D9FF081054F46D00D20076270BF810486DFFE2FF7622821902923C01C9
:20B838000090DA004BF401F016038B0F20F26E0382023C0B910000F6D9FF380054FF4BF42C
:20B8580041F04B0F31213C0100908202094FDA083B401F003F0F0880094FDC083B401F0022
:20B878007F0F038082123C010090024F02546DFFDAFF532220004E0382123C0A910000F60B
:20B89800D9FF001054F1A21F0B0F40213C010090024F02688209910000F6D9FF081054F455
:20B8B8006D00870076270BF810486DFFE0FF7622821902923C0100908202094FC4083B4082
:20B8D8001F007F0F1580094FC6083B401F007F0F0F80094FD0083B401F007F0F0980094FF8
:20B8F800D2083B401F007F0F038082123C0100908202094FC2083B401F003F0F0880094FDC
:20B91800C4083B401F007F0F038082123C0100908202094FC2083B401F007F0F0980094F88
:20B93800C0083B401F007F0F038082123C0100908202094FD8083B401F003F0F0880094F97
:20B95800DA083B401F007F0F038082123C010090910000F6D9FF3C00B4F4910000F6D9FF3F
:20B978003000DA0034FF82046DFFB8FE0090910000F6D9FF300034F4910000F6D9FF3400F0
:20B9980074F582146DFFAAFE0090910000F6D9FF001074F482346DFFA1FE0090910000F63D
:20B9B800D9FF001074F482246DFF98FE00900248025FEE0382123C0B6D00581CA2823B50E0
:20B9D800C3000650E20F0BF250213C0100906D000E056D0036006D003F006D00EE0A820450
:20B9F8006D00150500904DC0E1FF16073C016E083C01910000F6D9FF104014FF6EFB4DC0E6
:20BA1800E1FF16073C01910000F6D9FF104010FFDA0134FF8218DA003C0B910000F6D9FFEE
:20BA3800104010FF14F0E20837086880C21FBF2FF6FF82146D00040BDF08EE7F00906DFF54
:20BA580073DE02246DFFC7DD6DFF82DE02246DFF06DE0090910000F6D9FF14406DFF40D83E
:20BA780068224DC0E1FF8F7F00413C01910000F6D9FF14406DFF77D76812910000F6D9FF65
:20BA980014406DFF82D874F2910000FFBCF16DFF64D8913000FF39FF3506160F4B0F41F145
:20BAB8004BF251F03C013C01910000F6D9FF14406CF30090404F0258F64791000026D922FC
:20BAD8001010142FEE023C1F91000026D9220C10142F6E033C013C0091000026D9220C10D7
:20BAF800DA00C21F342F6D0076043C0C91000048D94452A2A00640F502846D005C006D0060
:20BB180004003CF500902008DA0074AFDA007801DA0074AF3C0FDA0078013C045801C21FBB
:20BB3800780158013BF0FF017FF0FAFF54AFC21F74AF54AF3BF0FF007FF0EFFF009020182F
:20BB580049A4000A6D001802911000F8D9FFF2EBF80249A4000A6D00D3018204BB00205C12
:20BB78009B150050820682076D00F71B91000046D9443850820491000056D95538403B0053
:20BB980004506D006702820482156D00FE1D0090404676423C0E910000F6D9FF141014FF10
:20BBB8006E0891000048D9445FA202546D0003000090D9AAE86F404C405D0248406E82002D
:20BBD80089A08C08DA00ACA7DA007804DA00ACAADA00ACAB40D46DFF6BFA89A210099100F2
:20BBF8000026D9222440092FC0086E08910000F6D9FF2440C84F2D0F0000910000F6D9FFBD
:20BC1800141014F0DF007B01910000F6D9FF244009FFC008DF0F3F0109A096088CABC21F69
:20BC3800ACAB910000F6D9FF2440C83F82043700705040C42D0F000040D46DFF39FA89A230
:20BC58001009910000F6D9FF244009F0C208910000F6D9FF2440086F4BF0010289A09408F0
:20BC78003C0109DF0008B01DEEFDDA00ACA73C11B0FD09D00008DA2F3E0509D00008DA5C5C
:20BC98007E0509AFCE08C21FACA75804C2FF780409AFCE08FF2F05805804FF0FEB7F58043D
:20BCB8000EFCB01DF4AD49A4180A91000058D95545926DFFBFF93C1709AFCE08EE0BF4AD58
:20BCD80049A4180A91000058D9554E926DFFB2F93C0AF4AD49A4180A91000058D95545924B
:20BCF8006DFFA8F9DA00ACA63C4CDA00ACA73C2349A4180A6DFFDCF909A0CC088CAA09A132
:20BD1800CE0803F00AF17FF203803C1A09AFCE0810AF49FF184A09A0CC088CAA09A1CE08D3
:20BD380003F00AF110A2092F180834FF09AFCE08C21FACA709A0CE088CAA3FF0DB7F09AF08
:20BD5800CE0810AF49FF184ADA0034FF910000F6D9FF244008708CABE2F08CABC21FACABCC
:20BD7800910000F6D9FF2440C83F82043700705049A4184A2D0F000009AFCC08C21FACA61A
:20BD980009A9CC0849A4180A6DFF92F98CAA4BF211029A103FF9ABFF74A849A4180A910031
:20BDB8000058D9555B926DFF45F9910000F6D9FF2440087F09A09608E2F08CABC21FACAB7C
:20BDD800910000F6D9FF2440C83F82043700705049A4180A2D0F0000A00F7DEF5B00DA0069
:20BDF800ACA63C4CDA00ACA73C2240E46DFF60F909A0CC088CAA09A1CE0803F00AF17FF24B
:20BE180003803C1A09AFCE0810AF49FF184A09A0CC088CAA09A1CE0803F00AF110E2092FEF
:20BE3800000834FF09AFCE08C21FACA709A0CE088CAA3FF0DC7F09AFCE0810AF49FF184AB7
:20BE5800DA0034FF910000F6D9FF2440087F09A09608E2F08CABC21FACAB910000F6D9FF8C
:20BE78002440C83F82043700705049A4184A2D0F000009AFCC08C21FACA609A8CC0840E4CF
:20BE98006DFF16F98CAA4BF211029A103FF8ACFF3C3549A4185A82043B0010506DFF48F860
:20BEB800910000F6D9FF2440C82F40C42D0F0000A00F7DEF1000F4AD89A8040989AE88099E
:20BED80049A4185A91000058D95564926DFFB2F83C0CF4AD89A8040949A4185A9100005859
:20BEF800D9557D926DFFA6F8910000F6D9FF2440C82F49A4185A2D0F00000090910000F677
:20BF1800D9FF2440094FC008B4FF910000F6D9FF2440094FC208ACF1910000F6D9FF2440B5
:20BF3800094FC408ACF2910000F6D9FF24400C462CF6910000F6D9FF24400C472CF7910026
:20BF580000F6D9FF244009428809E822910000F6D9FF244009428C09E83291000026D92242
:20BF78002440CC44EC24910000F6D9FF1410DA0134FF0090DA00B44FBBF0FFFFAC41BBF0E6
:20BF9800FFFFAC42DAFF2C46DAFF2C47A00FEC42A00FEC43A00FEC44009082046D00701D5C
:20BFB8000090404FA00201F2104491000048D9446BA23B5005506DFF7FFD820814FF960162
:20BFD80034FFDA006CF2DA006CF3485F6CF4081F82003E0682103E0A8220BE003C17C81448
:20BFF800820448556DFFA4F73C11C8148204485F532F20506DFF9CF73C09C8148204485F6A
:20C01800534F20506DFF94F73C01DA0034FF02823C0100904C43424F6C433C064C4309407B
:20C038001409A20F6C434C4509400C097FF0F8FF00904C42424F6C423C064C420940140983
:20C05800A20F6C424C45094008097FF0F8FF0090404F024F405C0258A00201F21044910038
:20C078000048D9446BA23B2022506DFF25FD8202E81C820034F02CF1DA006CF2DA006CF31F
:20C09800684868583C010090404F405C406D0249A00201F2104491000048D9446BA23B10F1
:20C0B80016506DFF09FDA00201D2104491000048D9446BA23B2016506DFFFEFC8208820091
:20C0D800A0027DC2058082381D00900014FF16036E0574D082681D009F0040F46D009F00B2
:20C0F80054D07F020B8074D28278F62714FFB70F81F134FF1D00900014FF960834FF485FE5
:20C118004830520A54D03F0A2B80081F82003E0682103E0C8220BE063C21C812483F1025F9
:20C1380054D440C46DFFD2F63C19C812483F532F20F0102554DF532F204040C46DFFC6F6C9
:20C158003C0DC812483F534F20F0102554DF534F204040C46DFFBAF63C013C43081F82007C
:20C178003E078210BE0482205F0F27003C3AC812483F102540C402A46DFFA8F601CA004606
:20C19800C81554D4A2A46DFFA1F63C2BC812483F532F20F01025532A204040C46DFF96F6D1
:20C1B800532A20F010C4C81554DFA2AF532F20406DFF8CF63C16C812483F534F20F010253B
:20C1D800534A204040C46DFF81F6534A20F010C4C81554DFA2AF534F20406DFF77F63C0169
:20C1F80014FFB70F81F134FFDF09168014F0DA0B7E0382283C1014FF960234FF54D440F491
:20C218006DFF0AFF484F54D0420F6CF414FFB70F81F034FF02823C010090404FA002012FF6
:20C23800104491000048D9446BA23B6007506DFF43FC485F484052023C010090404F405C77
:20C258000248A00201F2104491000048D9446BA23B000B506DFF30FC8209A0027DC2058071
:20C2780082391D00B50014FF16056E0482491D00AF0014FF960434FF484F3F8FA480485FD2
:20C298004820520A7F8A69800810DA003E0882115F012000DA025F0F3E003C5DC812482F13
:20C2B800102440C502A46DFF11F640F402A46DFFC2FEC812482F102401CA00560BA88040F5
:20C2D8006DFF04F60BA8804040F46DFFB4FE3C43C812482F532F20F01024532A204040C5A3
:20C2F8006DFFF4F540F402A46DFFA5FEC812482F532F20F01024532A20F010C55AA8532FEB
:20C3180020406DFFE3F50BA8804040F46DFF93FE3C22C812482F534F20F01024534A20402B
:20C3380040C56DFFD3F540F402A46DFF84FEC812482F534F20F01024534A20F010C55AA829
:20C35800534F20406DFFC2F50BA8804040F46DFF72FE3C013C33081F82003E068210BE0034
:20C378008220BE0D3C2BC812482F102440C502846DFFACF540F402846DFF5DFE3C1FC812FE
:20C39800482F532F20F010245328204040C56DFF9DF540F402846DFF4EFE3C10C812482F5B
:20C3B800534F20F010245348204040C56DFF8EF540F402846DFF3FFE3C01484FA28F6CF4C8
:20C3D8003C02825914FFB70F01F134FF02923C0100906D000C006D005F0A6D00330F6D0062
:20C3F8005B0882046D00130000904DC0E2FF370FE1F78B0F20F23C010D00400300003C01AA
:20C418003C018B0F00223C010090F6430D00000300902010DA0089AF0609910000F6D9FFB5
:20C43800241014FFDF0FB8003C0A91000046D944106049A50A0A82146DFF02FF823449A4A5
:20C458000A0A6D008F19DF02F2FF0CAA3BA000005F0FA280DA0689AF060991000046D9448D
:20C47800106049A5000A49A6060A82146DFF0EFE49A4030A91000058D95553B282346DFFF7
:20C498001FF6DF022480910000F6D9FF201014FF9E2C910000F6D9FF2010DA0134FF910050
:20C4B8000046D94410606DFFBAFE89A2060991000046D944106091000056D955288049A623
:20C4D800060A82046DFFE2FD3C5A49A4030A91000058D95557B282346DFFF2F5DF02248025
:20C4F800910000F6D9FF1C1014FF9E2C910000F6D9FF1C10DA0134FF91000046D9441060BF
:20C518006DFF8DFE89A2060991000046D944106091000056D955286049A6060A82046DFFE0
:20C53800B5FD3C2D49A4030A91000058D9555BB282346DFFC5F5DF022380910000F6D9FFEB
:20C55800281014FF9E2C910000F6D9FF2810DA0134FF91000046D94410606DFF60FE89A2B0
:20C57800060991000046D944106091000056D95528A049A6060A82046DFF88FD9100004606
:20C59800D94410606DFF0FFD910000F6D9FF1810DA0134FF00903B00C0F70FF48000BB0029
:20C5B80000F8264F8F0F0120DA003E053B00C0F7BE0B3C23B70416F5EE023C29861F3C07FD
:20C5D800861F370F70F0C210370070006FAFFA7F8B0007018F700100B70F16F58FDF00F026
:20C5F800420242F23C147B00F8F7422FB70416058FD0002042F23C0BB70491F782708FE00C
:20C618000000420F8FDF00F042F23C0100906D00030000902008910000F6D9FF38C014FFC0
:20C63800DF6F7A0049AF000A3B0008406D006C023B7001403B0002506D006B0282243B1076
:20C6580003506D006602DA003C0E3B8000408BCF04506D005E0210FC3B9000406D00DA01A1
:20C6780034C2C21FBF8FF3FF3B70014082056D00500282046D00480291000046D94428C040
:20C6980049A5000A6D00730291000046D94428C091000056D955082091000066D966042035
:20C6B80091000076D9770C206D00B40249AF000A3B800240826540F46D00DC0191000026A1
:20C6D800D9222C1094FFB42F910000F6D9FF30108CA1B4FF910000F6D9FF34108CA2B4FF92
:20C6F80049AF000A3B200240826540F46D00C20191000026D922381094FFB42F910000F641
:20C71800D9FF3C108CA1B4FF910000F6D9FF00208CA2B4FF0090201002488209910000F681
:20C73800D9FF38C034F88270B4A0DA0CACA23B3019F0ACA482048205BB0068699B86096084
:20C7580082076D00E50E3BD028408215821682376D0048083BA000406D0072046D00BB0199
:20C77800DF021200820491000048D9445FB291000058D9557AB23B201B506DFF0BFA82190C
:20C798001D004501821482456D00C3013BE001406D0056043B2001403B4004506D00B901DB
:20C7B8008220DA00BE0A82115F012700DA025F0F3300DA035F0F3F003C0182049100004860
:20C7D800D94466C291000058D9557AB23B201C506DFFE0F982193C3D3B70014082056D00B9
:20C7F8009801910000F6D9FF3CC03B102EF19B0F68F474FF3C2E3B70014082156D00890166
:20C81800910000F6D9FF3CC03B102EF19B0F60F474FF3C1F3B70014082256D007A01910063
:20C8380000F6D9FF3CC03B102EF19B0F58F474FF3C103B70014082356D006B01910000F6F4
:20C85800D9FF3CC03B102EF19B0F50F474FF3C01DF1904801D00DB00DA0482005F0F210081
:20C8780082105F0F2D0082205F0F390082305F0F450082405F0F510082505F0F5D003C016A
:20C89800820491000048D9444DD291000058D9557AB23B301E506DFF7DF982193C5C3B5029
:20C8B800014082056D003501910000F6D9FF3CC0BB7024F99B4F36F46CF13C4D3B5001408C
:20C8D80082156D002601910000F6D9FF3CC0BB7024F99B4F2EF46CF13C3E3B50014082251C
:20C8F8006D001701910000F6D9FF3CC0BBA023F99B4F26F46CF13C2F3B50014082356D000D
:20C918000801910000F6D9FF3CC0BBA023F99B4F1EF46CF13C203B50014082456D00F90076
:20C93800910000F6D9FF3CC0BBA023F99B4F16F46CF13C113B5001403BC000506D00E90002
:20C95800910000F6D9FF3CC0BBA023F99B4F0EF46CF13C01DF1903803C593B0001403B5050
:20C9780001506D00D6003B1001403B8001506D00D0003B60014082156D00CB003B8001408F
:20C998003B8000506D00C500DF6841003BE000403B0008506D00BD003B3001403B800050EB
:20C9B8006D00B7003B3006403B0003506D00B1003B0001409A389610370F68506D00A900D6
:20C9D8003B1001409A389610370F68506D00A1003B0008406D0098003BE0054086388F38C2
:20C9F80044F1370F68506D009400824482256D0090003B70014082056D008B0082046D0023
:20CA18008300821482056D00570502923C0100900248DA006E0A3BD028406D006906B04257
:20CA38003B0000F2742F3C093BD028406D006006B0427B0000F2742F82048F0848516D005E
:20CA580042130228DA016E0A3BD028406D005006B0423B0000F2742F3C093BD028406D00CF
:20CA78004706B0427B0000F2742F02823C0100900248404F0259DA006E0A3BD028406D0098
:20CA98003706B0423B0000F2742F3C093BD028406D002E06B0427B0000F2742F82048F0807
:20CAB800485140F402966D005613DA016E0A3BD028406D001D06B0423B0000F2742F3C09C6
:20CAD8003BD028406D001406B0427B0000F2742F0090820982080280C21837087080DAFF39
:20CAF8007F0F048082193C0C3BF000406DFF92FF022A82146D00A402DA705FAFEEFF029213
:20CB18003C010090024582146D00030000900B451088DA006E0A3BD028406D00E905B04259
:20CB38003B0000F2742F3C093BD028406D00E005B0427B0000F2742F8204028502966D00EF
:20CB58005813DA016E0A3BD028406D00D105B0423B0000F2742F3C093BD028406D00C80595
:20CB7800B0427B0000F2742F00902010404F405C09C4C0086DFF11FD74A209C4C2086DFF88
:20CB98000CFD89A2040909C4C4086DFF06FD89A2080909C4C6086DFF00FD89A20C0909A00B
:20CBB8000C0909A10C0909A2080909A3080954A454A509A6040958014BF641F06B5461FF79
:20CBD8006B3261FF6B10614F6DFF44F23BF026F19B3FA8F34BF201F0370F61F16E19580314
:20CBF80082004B0F01F0AE023C036722BF2F58014B2F51F074FF58024B2F51F06CF154AFEE
:20CC18004B2F51F06CF258034B2F51F06CF300902010404F405C406D407E54FF54F04B0F27
:20CC38004100481F48114B1F4180482F48214B1F41904811483254F3482F4BF341F06B2109
:20CC580061FF7B0000144B1F41407B00F8F36B0021087B0000146B10715F6DFFE4E874A2C0
:20CC780054F0483F4BF04100481F48216B1F71F07B0000044B0F41407B00F8F34BF401F0AA
:20CC9800370F61F16E037B00F8437B00F8FB4BF401F0370F61F06E037B00F84B6DFF96E86F
:20CCB8006722BFFF780154F048114822483F4BF241F06B1061FF7B0000044B0F41407B00F0
:20CCD800F8F36B0921087B0000146B10715F6DFFAAE889A2080954AF7B4033044B0F41F020
:20CCF8003BA0FD009B9004044B0F51F074AF58017B4033044B0F41F03BA0FD009B90040472
:20CD18004B0F51F0780158027B4033044B0F41F03BA0FD009B9004044B0F51F07802580296
:20CD380082004B0F01F0AE0358023C0658027B403B046B0021FF780254A074C009A004098A
:20CD580074D074EF00900090DA104BF401023B0040F0E2F0600F9120003F30F3D93F402091
:20CD7800DA104BF40102534120F010FF19FF00A03C01370F680C6F70E97F910000F6D9FF67
:20CD980004D001F400F614F0532020008B40000137006800B70F142632500F0200203C01CA
:20CDB800009020880B45108849A4100A9120005F6DFF9DDB910000F6D9FF282014FFEE0E8A
:20CDD800910000F6D9FF2820821034F049A4000A49A5100A6DFF0BDB3C03D804F4AF49A4E2
:20CDF800300A49A5000A6DFFEDDADA104BF8010289A0340809A0740889A03508DA0189AF83
:20CE18002118DA0189AF1418DA0189AF1818DA0089AF3A08BB50F9FB9B6F3DF389AF36093B
:20CE3800DA0089AF0018BB50F9FB9B6F3DF3780F49A4040A49A5300A6DFFD2D849A4241A8C
:20CE580049A5040A6DFFBDD8DA104BF8010289A13018DA104BF8010289A13318DA0189AF63
:20CE7800261849A43C1A49A5241A6DFF2AD7821009AF30180FF0100049AF000AD4FF09A160
:20CE98004C08534120F010F2092F006982F2C602262FA6F0534120F010FF89F0006949AF2B
:20CEB800000AD4FF39FF05809602E9FF0580910000F6D9FF04D001F800F634F900900D00CF
:20CED800000282046DFFA3FA9100004F82046DFFA0D4910000F6D9FF2C20DA0034FF0D009E
:20CEF800400200800D00000282046DFF90FAC5F4004082046DFF8DD4910000F6D9FF3020D2
:20CF1800DA0034FF0D004002008002484DC0E1FF16073C01370F48404DC0E20F3700E107A1
:20CF38008B0020F23C013C01EE0D6DFF90D4092010093C013C014C243C01A20F3F8FFDFF13
:20CF58003C3A82FF5F4F3700DA003E44DA01BE4A3C32910000F6D9FF2C20DA0134FF6DFF0B
:20CF780046FA85FF100042F8A5F8300002246DFF4EFA3C01910000F6D9FF2C2014FFEEFB00
:20CF98003C1A910000F6D9FF3020DA0134FF6DFF2EFA85FF1040428FA5FF304002246DFF87
:20CFB80036FA3C01910000F6D9FF302014FFEEFB3C023C01009020104DC0E2FF370FE1F7FA
:20CFD8008B0F20823C010D00400300003C013C01820034A0DA002CA2DA1F2CA3DA002CA189
:20CFF800DA017801DADCACA4DA002CAA9100004F49A5000A6DFF56D49100004F82046DFFCF
:20D0180008D4DA0034AFDA002CA2DA1F2CA3DA002CA1DA017801DADDACA4DA012CAAC5F483
:20D03800004049A5000A6DFF3DD4C5F4004082046DFFEFD376830D0000030090024FBB00D1
:20D05800C4097FF017803C0A3B0080429BB4E64E6DFF5DFFBB00C409A20FBB00C4093FF067
:20D07800F5FF3B50C3400654E2F46DFF50FF3C073B50C3400654E2F46DFF49FF0090DA000C
:20D098003E4ADA013E4CDA023E4EDA03BE40DA04BE423C15DA00A5FFF4823C11DA00A5FF5A
:20D0B800F8823C0DDA00A5FFFC823C09DA00A5FFC0923C05DA00A5FFC4923C010090024F51
:20D0D8000B561088C5F4C0826DFF14BA821005F1D5863701820125F0D582820005F1E18621
:20D0F8003701820125F0E1820BF8104802966D00ED0082003E0F82105F0F2A0082205F0F8F
:20D11800440082305F0F5E0082405F0F78001D009300821005F1D0863701030025F0D0825D
:20D13800821005F1D1863701010025F0D182821005F1D0863701830125F0D082821005F1CE
:20D15800D0863701010325F0D0823C75821005F1D4863701030025F0D482821005F1D586A2
:20D178003701010025F0D582821005F1D4863701830125F0D482821005F1D48637010103CB
:20D1980025F0D4823C58821005F1D8863701030025F0D882821005F1D9863701010025F0B3
:20D1B800D982821005F1D8863701830125F0D882821005F1D8863701010325F0D8823C3BE3
:20D1D800821005F1DC863701030025F0DC82821005F1DD863701010025F0DD82821005F17F
:20D1F800DC863701830125F0DC82821005F1DC863701010325F0DC823C1E821005F1E086A5
:20D218003701030025F0E082821005F1E1863701010025F0E182821005F1E08637018301FA
:20D2380025F0E082821005F1E0863701010325F0E0823C01910000F6D9FF342010FFDA01E4
:20D2580034FF0090DA003E4BDA01BE41DA02BE47DA03BE4DDA045F4F23003C2985FFF482DF
:20D27800370F70F03C01370F50203C2285FFF882370F70F03C01370F50203C1A85FFFC82B0
:20D29800370F70F03C01370F50203C1285FFC092370F70F03C01370F50203C0A85FFC49200
:20D2B800370F70F03C01370F50203C028202910000F6D9FF342001F400F614FFEE04DA047A
:20D2D8004BF201223C010090026F82005F40100082105F403A0082205F40570082305F4013
:20D2F8007A0082405F40A4001D00C900F656910000F8D9FF20F03C11DF150780910000F8A3
:20D31800D9FF34F03C0A820491000048D94475D23BE003506DFFD0F3EE06910000C8D9CC61
:20D3380038E03C105E16910000C8D9CC0CF03C0A820491000048D94475D23B2004506DFFDF
:20D35800BBF31D009C00DF250780910000F8D9FF5C003C0A820491000048D94475D23B8042
:20D3780004506DFFA9F35E26910000C8D9CC48003C0A820491000048D94475D23BB0045027
:20D398006DFF9AF33C7BDF350780910000F8D9FF58103C0A820491000048D94475D23B100D
:20D3B80005506DFF89F35E36910000C8D9CC70003C105E46910000C8D9CC44103C0A820408
:20D3D80091000048D94475D23B5005506DFF74F33C55DF450780910000F8D9FF54203C11E7
:20D3F800DF550780910000F8D9FF68203C0A820491000048D94475D23BC005506DFF5CF35D
:20D418005E56910000C8D9CC6C103C105E66910000C8D9CC40203C0A820491000048D94496
:20D4380075D23B0006506DFF47F33C28DF650780910000F8D9FF50303C11DF75078091008D
:20D4580000F8D9FF64303C0A820491000048D94475D23B7006506DFF2FF35E76910000C88B
:20D47800D9CC7C203C0A820491000048D94475D23BA006506DFF20F33C013B00014082055A
:20D4980040F46DFF8EB83B000140820540C46DFF40B80090DA003C0C534F2000600F91406F
:20D4B800003F30F3D93FD438820074F0C21FBF4FF57F009020080B4510A84DC0E20F370090
:20D4D800E1078B0020E23C010D00400300003C013C0102A46D008700402F3B000150C82437
:20D4F80008C46DFF15BB084409F550086DFF8ECF084F74AFDA034BFA01C2DA034BFA01829D
:20D51800DA003EB6DA013EBBDA02BEB03C1654A46DFF7ACE54A46DFF1BCF3C1854A46DFF03
:20D53800C7CE54A46DFF9ACE3C1154A46DFFC0CE54A46DFF0DCF3C0A820491000048D94431
:20D5580060E23B500A506DFFB7F254A46DFF28CF54A402C56DFF2ECE8216028454A56DFF72
:20D578007FCF02846DFFCCCE821502846DFFB2CFDA044BF80102534120F060FF9140003F78
:20D5980030F3D93FD438DA034BFA0102DA044BF00102DA003E18DA013E19DA023E1ADA0378
:20D5B8003E1B3C0D8200DAFF3C0A8230DA073C078230DA063C048200DAFE3C0114F137F1A4
:20D5D80008F034FF081F370F82F12CF1083F96022CF3081F96042CF102EF6E030D000003BD
:20D5F8000090DA015F4F2D00DA045F4F2F00DA065F4F3100DA075F4F3300DA085F4F3500CC
:20D61800DA095F4F3700DA0A5F4F3900DA0B5F4F3B00DA0C5F4F3D00DA0D5F4F3F00DA0F03
:20D638005F4F4100DA125F4F4300DA135F4F4500DA155F4F4700DA165F4F49003C4C910042
:20D658000028D922BC313C5191000028D92290413C4C91000028D922AC713C4791000028FB
:20D67800D922A0513C4291000028D922B0613C3D91000028D92298713C3891000028D92205
:20D6980084713C3391000028D922B4513C2E91000028D9228C513C2991000028D922808140
:20D6B8003C2491000028D9229C613C1F91000028D922B8413C1A91000028D92294813C15C9
:20D6D80091000028D92288613C1091000028D922A4413C0B820491000048D94460E23B5020
:20D6F80004506DFFE9F1A0023C010090BB00FEFF26F4DA005F4F3200DA405F4F34003B0046
:20D7180014F05F4F35003B0016F05F4F36003B001AF05F4F37003B001CF05F4F38003B0053
:20D738001EF05F4F39003B0028F05F4F3A003B002AF05F4F3B003B002CF05F4F3C003B00E7
:20D758002EF05F4F3D003B0040F05F4F3E003B0042F05F4F3F003C429140002FD922000A74
:20D778003C3E9140002FD922008A3C399140002FD922000B3C349140002FD922004B3C2FF6
:20D798009140002FD92200CB3C2A9140002FD922400B3C259140002FD922404B3C209140EB
:20D7B800002FD922000C3C1B9140002FD922004C3C169140002FD922008C3C119140002F57
:20D7D800D92200CC3C0C9140002FD922008D3C079140002FD92200CD3C023C013C01009047
:20D7F8000B451088026AF69DDA003E74DA023E743C05DA003C05DA083C03DA103C013C0828
:20D81800DA043E723C03DAC03C03DA803C0102846DFF6EFF8FF80141402402F56DFF78B993
:20D8380002846DFF65FF8FF80141820540246DFFA1B9DF19198076AC02846DFF59FF8FF87C
:20D8580001F182100FF01000892004093C0C02846DFF4EFF8FF801F17B1000000FF01000CD
:20D87800892004090090024F765B02F46DFF40FF161F82100FF01000892004093C0B02F4BE
:20D898006DFF36FF161F7B1000000FF01000892004090090910000F8D9FF20D0D4F46DFF35
:20D8B80019AD910000F8D9FF20D0C8246DFF12AD009020880249025A4DC0E2FF370FE1F737
:20D8D8008B0F20B23C010D00400300003C013C01DA024BF901426DFF28AD402F49A4240A8F
:20D8F80040F56DFF4EB06DFF50C902246DFF49D80B2310C882083C1C820702A60BCD1048F0
:20D918006DFF94A70B231048BB0024649BF6006082076DFFDBA7BBF0FFFF7FF203803C0B33
:20D938008FFD1F1077CD800F0B0110C8C218DA103FF8E4FFDA103FF80280DA003E98DA0151
:20D958003E9DDA02BE92DA03BE973C1DDA0089AF2418DA1E89AFA2183C16DA0089AF2A183F
:20D97800DA1F89AFA8183C0FDA0089AF2418DA2089AFA2183C08DA0089AF2A18DA2189AF4E
:20D99800A8183C01DA024BF90102DF011780DA0089AF0018DA0789AF2018DA0189AF211811
:20D9B80089A228090BCD10486DFF19D889A22409DA0089AF0C183C15DA0189AF0018DA0979
:20D9D80089AF2618DA0289AF271889A230090BCD10486DFF04D889A22C09DA0089AF1418EC
:20D9F800DA0089AF9A18DA0089AF9C18DA0089AF012849A4000A49A5240A6DFFFDAD02BF60
:20DA18006E030D0000034D00D0FF16015E19DA0182103700010E37F0040C89F0283949A412
:20DA3800000A6DFFC8AF0090DAAB3F4F0D00DA003FF40A005AF4910000F8D9FF148290FF46
:20DA5800D4FFDC0F1D00F20391000028D9225C501D00F60391000028D92278301D00F003FC
:20DA780091000028D92248501D00EA0391000028D92274401D00E40391000028D922604078
:20DA98001D00DE0391000028D9224C401D00D80391000028D92244601D00D2039100002835
:20DAB800D92258601D00CC0391000028D9226C601D00C60391000028D92270501D00C003F5
:20DAD80091000028D9227C701D00BA0391000028D92268701D00B40391000028D9225470DC
:20DAF8001D00AE0391000028D92240701D00A80391000028D92278801D00A20391000028ED
:20DB1800D9224C901D009C0391000028D92250801D00960391000028D92264801D009003D8
:20DB380091000028D92248A01D008A0391000028D92274901D00840391000028D922609087
:20DB58001D007E0391000028D92244B01D00780391000028D92258B01D00720391000028C8
:20DB7800D9225CA01D006C0391000028D92270A01D00660391000028D92254C01D00600378
:20DB980091000028D92240C01D005A0391000028D9226CB01D00540391000028D92268C01F
:20DBB8001D004E0391000028D9227CC01D00480391000028D9224CE01D004203910000288C
:20DBD800D92278D01D003C0391000028D92264D01D00360391000028D92250D01D0030032C
:20DBF80091000028D92260E01D002A0391000028D9225CF01D00240391000028D92248F09F
:20DC18001D001E0391000028D92274E01D00180391000028D92270F01D001203910000286F
:20DC3800D922AC001D000C0391000028D92298001D00060391000028D92284001D0000032F
:20DC580091000028D92280101D00FA0291000028D922A8101D00F40291000028D922941078
:20DC78001D00EE0291000028D92288401D00E80291000028D922BC101D00E20291000028C2
:20DC9800D922B4301D00DC0291000028D9228C301D00D60291000028D922A0301D00D002BA
:20DCB80091000028D922B8201D00CA0291000028D922A4201D00C40291000028D922902018
:20DCD8001D00BE0291000028D922B0401D00B80291000028D92284501D00B20291000028C2
:20DCF800D92298501D00AC0291000028D9229C401D00A60291000028D922A4701D00A00282
:20DD180091000028D922BC601D009A0291000028D92290701D00940291000028D922A8603F
:20DD38001D008E0291000028D92294601D00880291000028D92280601D00820291000028E1
:20DD5800D922AC501D007C0291000028D922A0801D00760291000028D922B4801D00700239
:20DD780091000028D922B8701D006A0291000028D9228C801D00640291000028D92284A00B
:20DD98001D005E0291000028D922B0901D00580291000028D9229C901D0052029100002879
:20DDB800D92288901D004C0291000028D92280B01D00460291000028D92294B01D0040022D
:20DDD80091000028D92298A01D003A0291000028D922ACA01D00340291000028D92290C08F
:20DDF8001D002E0291000028D922BCB01D00280291000028D922A8B01D0022029100002851
:20DE1800D922A4C01D001C0291000028D922B8C01D00160291000028D92288E01D001002A4
:20DE380091000028D922B4D01D000A0291000028D922A0D01D00040291000028D9228CD012
:20DE58001D00FE0191000028D9229CE01D00F80191000028D92298F01D00F2019100002843
:20DE7800D922C0001D00EC0191000028D922ACF01D00E60191000028D92284F01D00E0014B
:20DE980091000028D922B0E01D00DA0191000028D922D4001D00D40191000028D922E4100C
:20DEB8001D00CE0191000028D922F8101D00C80191000028D922FC001D00C2019100002873
:20DED800D922D0101D00BC0191000028D922E8001D00B60191000028D922CC201D00B00197
:20DEF80091000028D922C8301D00AA0191000028D922F4201D00A40191000028D922E02058
:20DF18001D009E0191000028D922DC301D00980191000028D922EC401D009201910000286E
:20DF3800D922D8401D008C0191000028D922F0301D00860191000028D922C4401D0080013E
:20DF580091000028D922E8501D007A0191000028D922D4501D00740191000028D922C050F7
:20DF78001D006E0191000028D922E4601D00680191000028D922D0601D0062019100002862
:20DF9800D922FC501D005C0191000028D922F8601D00560191000028D922F4701D005001A2
:20DFB80091000028D922E0701D004A0191000028D922CC701D00440191000028D922C49083
:20DFD8001D003E0191000028D922F0801D00380191000028D922C8801D003201910000284E
:20DFF800D922DC801D002C0191000028D922E8A01D00260191000028D922D4A01D00200182
:20E0180091000028D922C0A01D001A0191000028D922EC901D00140191000028D922D8901E
:20E038001D000E0191000028D922FCA01D00080191000028D922E0C01D00020191000028F9
:20E05800D922CCC01D00FC0091000028D922E4B01D00F60091000028D922F8B01D00F00044
:20E0780091000028D922D0B01D00EA0091000028D922F4C01D00E40091000028D922D8E078
:20E098001D00DE0091000028D922C4E01D00D80091000028D922C8D01D00D200910000282C
:20E0B800D922DCD01D00CC0091000028D922F0D01D00C60091000028D922ECE01D00C00004
:20E0D80091000028D92224011D00BA0091000028D92210011D00B40091000028D922E8F056
:20E0F8001D00AE0091000028D922FCF01D00A80091000028D922C0F01D00A20091000028FC
:20E11800D922D4F01D009C0091000028D9221C211D00960091000028D92234111D00900025
:20E1380091000028D92208211D008A0091000028D9220C111D00840091000028D9222011EC
:20E158003C7E91000028D92238013C7991000028D9222C313C7491000028D92204313C6FF6
:20E1780091000028D92218313C6A91000028D92230213C6591000028D92200413C6091001C
:20E198000028D9223C413C5B91000028D92228413C5691000028D92214413C519100002832
:20E1B800D9220C613C4C91000028D92238513C4791000028D92210513C4291000028D92250
:20E1D80024513C3D91000028D92208713C3891000028D92234613C3391000028D9222061AB
:20E1F8003C2E91000028D9221C713C2991000028D92218813C2491000028D92204813C1FB6
:20E2180091000028D92230713C1A91000028D9222C813C1591000028D92214913C10910053
:20E238000028D92200913C0B820491000048D94448F23B3010506DFF3FECA0023C01009044
:20E2580020389100014F6DFFF4B1910001FF19FF00C0AE1F9100014F8204BB0068599B8523
:20E27800B9546DFFD9B39100014F82246DFFB9B349A4000A9100015F6DFF5DB382083C19DF
:20E2980082093C13370868F02CA4370948F02CA549A4240A49A5000A6DFFACB249A4240AE4
:20E2B80082146DFF8AB3C219DA083FF9ED7FC218BF48E87F00902038024F0B5610883B00F1
:20E2D80071020B90504191000048D94448F23B8015506DFFF1EB02F46DFFA8FB402F14FF68
:20E2F80082003E0882103E0782203E0682303E053C053C043C033C023C019100014F6DFF04
:20E3180098B19100012F192F00C0AE1F9100014F8204BB0068599B85B9546DFF7DB39100C9
:20E33800014F82246DFF5DB349A4000A9100015F6DFF01B314FF2CA409FF01082CA5BB00CB
:20E3580068F99B8FB9F44B0861014B0F51F04B0F71F17802F807DA0189AF120814FF820026
:20E378003E0A8210BE0882205F0F260082305F0F33003C418205029409A6080982076DFF0D
:20E3980055A2FB0071620B2310486DFF9FA289A20C093C318205029409A6080982076DFFEE
:20E3B80045A2FB0071620B2310486DFF8FA289A20C093C218205029409A6080982076DFFFE
:20E3D80035A2FB0071620B2310486DFF7FA289A20C093C118205029409A6080982076DFF0E
:20E3F80025A2FB0071620B2310486DFF6FA289A20C093C0149A4240A49A5000A6DFFFAB1C6
:20E4180049A4240A82146DFFC4B20090024F02583B0071020B80504191000048D94448F21C
:20E438003B7013506DFF48EB02F46DFFFFFA402F14FF3B008000E20F60F29110013F302308
:20E45800D934000D09F401086DFF63B114FF82003E0A8210BE0682205F0F220082305F0F7F
:20E478002D003C3982050284820702266DFFDEA1FB0071620B2310486DFF28A202283C2B1E
:20E4980082050284820702266DFFD0A1FB0071620B2310486DFF1AA202283C1D82050284BD
:20E4B800820702266DFFC2A1FB0071620B2310486DFF0CA202283C0F820502848207022623
:20E4D8006DFFB4A1FB0071620B2310486DFFFEA102283C0114FF3B008000E20F60F29110EB
:20E4F800013F3023D934000D09F4010802856DFF32B10090094F4218370FE3013C04094F77
:20E5180010293C01020FC2F0EEFB009049AA20BA0B4510880B6710A809ACA04809ADA44813
:20E5380009AEA848DA644BFB01020B08004191000048D9446FF23BB03D506DFFBDEADA6421
:20E558004BFC01020B08004191000048D9446FF23BC03D506DFFB0EADA644BFD01020B0884
:20E57800004191000048D9446FF23BD03D506DFFA3EA3B3019F03EEEDA644BFE01020B081D
:20E59800004191000048D9446FF23B003E506DFF93EA910000F6D9FF08E0B4FE3708484059
:20E5B8006DFF33B5402CB4AE49A4103A49A5283A0B8B10480BCD10686D00900149A4040A63
:20E5D80040C56DFF63B9DA002CA4BB00C2FB9BEFC3F47805DA002CAC49AF103AF80949A4D4
:20E5F800300A49A5040A6DFF2BB749A4303A49A5300A6DFF07B74B0A61F1783DDA003E99C9
:20E61800DA01BE93DA02BE9EDA035F9F27003C3109AF7838B70F81F189AF383809AF78385F
:20E63800961089AF38383C2509AF7838B70F81F189AF383809AF7838B70F01F289AF383802
:20E658003C1809AF7838960889AF383809AF7838961089AF38383C0D09AF7838960889AF63
:20E67800383809AF7838B70F01F289AF38383C0109AF7838962089AF383809A0F838DA088B
:20E6980037F006F389AFB83809AF7938B70F01F289AF393809A2E83989A2CC493B3019F0CF
:20E6B8007EE609AF7838960489AF383849A43C1A49A5303A6DFFB4B53B3019F05FEF2D8055
:20E6D800D83CD4FFC8AF09FF5108B70F01F389FF110882048205820640C46DFFDFB49100DF
:20E6F80000F6D9FF08E03B3019F0B4FFDA003E88DA013E89DA023E8ADA033E8B3C0D3B20F5
:20E7180001E03C0A3B8007E03C073BE00DE03C043B4014E03C01DA0509C0560837F003F2BF
:20E7380089CF1608534820F0910000F6D9FF38D010FF4CC674FF534820F0910000F6D9FF9B
:20E7580038D010FF534820F091000026D92238D01022092FC208B77F85F3ACF1534820F0FB
:20E77800910000F6D9FF38D010FF534820F091000026D92238D01022142FB71F03F234FF33
:20E79800534820F0910000F6D9FF38D010FF534820F091000026D92238D01022142FB71F90
:20E7B80083F034FF534820F0910000F6D9FF38D010F2534820F0910000F6D9FF38D010FF66
:20E7D800081FB71F03F12C21534820F0910000F6D9FF38D010FF534820F091000026D92265
:20E7F80038D01022092FC008B71F83F3B4FF534820F0910000F6D9FF38D010F2534820F009
:20E81800910000F6D9FF38D010FF082F96202C22534820F0910000F6D9FF38D010F2534880
:20E8380020F0910000F6D9FF38D010FF082FB70F81F12C22534820F0910000F6D9FF38D06B
:20E8580010F2534820F0910000F6D9FF38D010FF082FB70F01F32C22534820F0910000F60C
:20E87800D9FF38D010F2534820F0910000F6D9FF38D010FF082FB71F03F02C22534820F084
:20E89800910000F6D9FF38D010F2534820F0910000F6D9FF38D010FF081FB71F83F22C2117
:20E8B800534820F0910000F6D9FF38D010F2534820F0910000F6D9FF38D010FF0830DA6693
:20E8D8004BFE0122DA064BF301229AD2370F68F037F004F22C2300900B67108894AF404F91
:20E8F800405C3B80000089F014083B00080028C03B0008002840820089F01508820089C05B
:20E9180005083B00080089C0040882005F400D0082105F40C20082205F408B0182305F40FB
:20E9380087021D00CF03F65791000028D92218A1F4F23C12DF15088091000028D92228A160
:20E95800F4F23C0A820491000048D9446FF23B2004506DFFB1E8DF68088091000028D9225F
:20E978003891E8223C12DF78088091000028D92208A1E8223C0A820491000048D9446FF2F5
:20E998003B6004506DFF98E83BC000005F09088091000028D9222891E8423C0A82049100A5
:20E9B8000048D9446FF23B9004506DFF85E83B2001007E07910000F8D9FF38A1F4CF3C6AFD
:20E9D8003B8001007E07910000F8D9FF20B1F4CF3C613BE001007E07910000F8D9FF34B165
:20E9F800F4CF3C583B4002007E07910000F8D9FF08C1F4CF3C4F3BA002007E07910000F843
:20EA1800D9FF1CC1F4CF3C463B0003007E07910000F8D9FF30C1F4CF3C3D3B6003007E0770
:20EA3800910000F8D9FF04D1F4CF3C343BC003007E07910000F8D9FF18D1F4CF3C2B3B2003
:20EA580004007E07910000F8D9FF2CD1F4CF3C223B8004007E07910000F8D9FF00E1F4CF4D
:20EA78003C193B0006007E07910000F8D9FF0CB1F4CF3C103B3019007E04A00FF4CF3C0A78
:20EA9800820491000048D9446FF23B7005506DFF13E81D0017033B6006005F0508809100C5
:20EAB8000028D92224F1F4F23C143B7006005F05088091000028D92234F1F4F23C0A8204A8
:20EAD80091000048D9446FF23BF005506DFFF4E73BC006005F08088091000028D92234E147
:20EAF800E8223C1E3BD006005F08088091000028D92204F1E8223C143BE006005F08088087
:20EB180091000028D92214F1E8223C0A820491000048D9446FF23B4006506DFFCDE73B20AB
:20EB380007005F09088091000028D92214E1E8423C143B3007005F09088091000028D9228D
:20EB580024E1E8423C0A820491000048D9446FF23B8006506DFFB0E73B8007007E0791005F
:20EB780000F8D9FF4401F4CF3C613BE007007E07910000F8D9FF5801F4CF3C583B400800CD
:20EB98007E07910000F8D9FF6C01F4CF3C4F3BA008007E07910000F8D9FF4011F4CF3C465D
:20EBB8003B0009007E07910000F8D9FF5411F4CF3C3D3B6009007E07910000F8D9FF68116F
:20EBD800F4CF3C343BC009007E07910000F8D9FF7C11F4CF3C2B3B200A007E07910000F8D6
:20EBF800D9FF5021F4CF3C223B800A007E07910000F8D9FF6421F4CF3C193BE00A007E07A1
:20EC1800910000F8D9FF7821F4CF3C103B3019007E04A00FF4CF3C0A820491000048D94499
:20EC38006FF23B5007506DFF47E71D004B023BC00C005F05088091000028D9224C51F4F24B
:20EC58003C323BD00C005F05088091000028D9225C51F4F23C283BE00C005F0508809100DC
:20EC78000028D9226C51F4F23C1E3BF00C005F05088091000028D9227C51F4F23C143B0047
:20EC98000D005F05088091000028D9224C61F4F23C0A820491000048D9446FF23BF0075077
:20ECB8006DFF0AE73B200D005F08088091000028D9225C41E8223C1E3B300D005F0808806C
:20ECD80091000028D9226C41E8223C143B400D005F08088091000028D9227C41E8223C0A29
:20ECF800820491000048D9446FF23B4008506DFFE3E63B800D005F09088091000028D922AB
:20ED18004C41E8423C323B900D005F09088091000028D9224C31E8423C283BA00D005F09DF
:20ED3800088091000028D9225C31E8423C1E3BB00D005F09088091000028D9226C31E8420B
:20ED58003C143BC00D005F09088091000028D9227C31E8423C0A820491000048D9446FF2A5
:20ED78003BB008506DFFA8E63BE00D007E07910000F8D9FF5C61F4CF3C583B400E007E070E
:20ED9800910000F8D9FF7061F4CF3C4F3BA00E007E07910000F8D9FF4471F4CF3C463B00D7
:20EDB8000F007E07910000F8D9FF5871F4CF3C3D3BC00F007E07910000F8D9FF6C71F4CFB1
:20EDD8003C343B2010007E07910000F8D9FF4081F4CF3C2B3B8010007E07910000F8D9FFBE
:20EDF8005481F4CF3C223BE010007E07910000F8D9FF6881F4CF3C193B4011007E07910051
:20EE180000F8D9FF7C81F4CF3C103B3019007E04A00FF4CF3C0A820491000048D9446FF263
:20EE38003B7009506DFF48E61D004C013B2013005F05088091000028D92250C1F4F23C323F
:20EE58003B3013005F05088091000028D92270B1F4F23C283B4013005F05088091000028DE
:20EE7800D92240C1F4F23C1E3B5013005F05088091000028D92260C1F4F23C143B601300FB
:20EE98005F05088091000028D92270C1F4F23C0A820491000048D9446FF23B100A506DFF6F
:20EEB8000BE63B8013005F08088091000028D92270A1E8223C323B9013005F0808809100F1
:20EED8000028D92240B1E8223C283BA013005F08088091000028D92250B1E8223C1E3BB0B7
:20EEF80013005F08088091000028D92260A1E8223C143BC013005F08088091000028D92238
:20EF180060B1E8223C0A820491000048D9446FF23B800A506DFFD0E53BE013005F09088047
:20EF380091000028D9225091E8423C323BF013005F09088091000028D9227091E8423C281B
:20EF58003B0014005F09088091000028D92240A1E8423C1E3B1014005F0908809100002839
:20EF7800D92250A1E8423C143B2014005F09088091000028D9226091E8423C0A8204910088
:20EF98000048D9446FF23BF00A506DFF95E53B4014007E08910000F8D9FF40D1F4CF1D00C1
:20EFB80090003BA014007E08910000F8D9FF50E1F4CF1D0086003BB014007E07910000F82F
:20EFD800D9FF64E1F4CF3C7C3B0015007E07910000F8D9FF78E1F4CF3C733B1015007E079B
:20EFF800910000F8D9FF4CF1F4CF3C6A3B6015007E07910000F8D9FF60F1F4CF3C613BC0B0
:20F0180015007E07910000F8D9FF74F1F4CF3C583B2016007E07910000F8D9FF8801F4CF7E
:20F038003C4F3B8016007E07910000F8D9FF9C01F4CF3C463BE016007E07910000F8D9FF7D
:20F05800B001F4CF3C3D3BF016007E07910000F8D9FF8411F4CF3C343B4017007E07910014
:20F0780000F8D9FF9811F4CF3C2B3B6018007E07910000F8D9FF54D1F4CF3C223BC01800E3
:20F098007E07910000F8D9FF68D1F4CF3C193B2019007E07910000F8D9FF7CD1F4CF3C106B
:20F0B8003B3019007E04A00FF4CF3C0A820491000048D9446FF23B100C506DFFFDE43C016C
:20F0D80000900B451088370848406DFF9EAF402C40C46DFF11FA534820F0910000F6D9FF2F
:20F0F80038D010FF54FF8200370F01F089CF201989C924193C0109CF4218370FE3F16EFCC2
:20F1180040C46DFFF9F9534820F0910000F6D9FF38D010FF54FF8210370F01F089CF2019A7
:20F13800DA0089CF24193C0109CF4218370FE3F16EFC3C0109CF41186F3FFE7FBBF0FFFF13
:20F1580089CF141909CF10293C01370F68203C0100900B541088404C026A370948406DFF06
:20F1780054AF402D40D46DFFC7F9534920F0910000F6D9FF38D010FF54F082013710010096
:20F1980089D0201989D824193C0109D042183700E3F16EFC40D46DFFAFF9DF1A0F805349F6
:20F1B80020F0910000F6D9FF38D010FF54FF8210370F01F089DF2019DA0089DF24193C0138
:20F1D80009DF4218370FE3F16EFC09DF10293C0134CFB01CC2FADF0AE2FF3C0109DF411820
:20F1F8006F3FFE7FBBF0FFFF89DF141900900B451088026A370848406DFF07AF402C5348BA
:20F2180020F0910000F6D9FF38D010FF54FF8200370F01F089CF201940C46DFF6DF989C98B
:20F2380024193C0109CF42181607EEFD534820F0910000F6D9FF38D010FF54FF8210370FB6
:20F2580001F089CF201989CA24193C0109CF42181607EEFD3C0109CF41186F3FFE7FBBF0C9
:20F27800FFFF89CF141900904DC0E1FF16073C01370F48406DFFEBC2BC216DFF6EBC913001
:20F2980000FF39FF3506160F4B0F41F14BF251F03C013C014B0F71814DC0E1FF16073C01A8
:20F2B800370F48406DFFD3C2092410093C014DC0E1FF16073C01534F20F0910000F6D9FF8C
:20F2D8000CE010FF54FFA2F48205BB00106E9B565F6082076DFFAA9A0B23104882070286F2
:20F2F8006DFFF49A3C0100904DC0E1FF16073C01370F48406DFFABC24DC0E1FF16073C01FA
:20F31800534F20F0910000F6D9FF0CE010FF4C243C0174FF0090A002DA003E48DA013E4BB3
:20F33800DA023E4EDA03BE413C1591000026D92214E03C1091000026D92240003C0B910064
:20F358000026D9226C103C0691000026D92258303C013C01009020200B4510A80B76108811
:20F378004DC0E2FF370FE1F78B0F20C23C010D00400300003C013C01370A48406DFF449BD2
:20F3980091000046D944445040256DFF079F02A46D00250202A46D00B402910000F6D9FFF4
:20F3B8004450DA0889FF2C08910000F6D9FF4450DA04ACF4910000F6D9FF44504B0B61F1F7
:20F3D8006CF1910000F6D9FF4450DA072CFAA00FF4AFA00FF80449A4180A49A5080A0BA9FE
:20F3F800104802866D002800DA102CACDA8089AF1C08DA0089AF1D08910000F6D9FF4450DE
:20F4180049A2000AE8A202A46DFF87FF91000056D955445040246DFF879C820502A46D0087
:20F43800B401820502A46D00F60202CF6E030D0000030090DA003E4CDA015F4F4000DA0282
:20F458005F4FC600DA035F4F27011D008901F658910000F8D9FF0C1080FF744F3C1CDF156D
:20F478000980910000F8D9FF1C1080FF744F3C13DF250980910000F8D9FF2C1080FF744F61
:20F498003C0ADF350980910000F8D9FF3C1080FF744F3C01F668910000F8D9FF2C0080FFDB
:20F4B800745F3C0ADF160980910000F8D9FF3C0080FF745F3C011D005401DF4509809100C1
:20F4D80000F8D9FF2C3080FF744F3C49DF550980910000F8D9FF3C3080FF744F3C40DF6595
:20F4F8000980910000F8D9FF0C4080FF744F3C37DF750980910000F8D9FF1C4080FF744F2D
:20F518003C2EDA087E58910000F8D9FF2C4080FF744F3C25DA097E58910000F8D9FF3C40AB
:20F5380080FF744F3C1CDA0A7E58910000F8D9FF0C5080FF744F3C13DA0B7E58910000F8CD
:20F55800D9FF1C5080FF744F3C0ADA0C7E58910000F8D9FF2C5080FF744F3C01DF46098001
:20F57800910000F8D9FF0C2080FF745F3C2EDF560980910000F8D9FF1C2080FF745F3C251C
:20F59800DF660980910000F8D9FF2C2080FF745F3C1CDF360980910000F8D9FF3C2080FF54
:20F5B800745F3C13DF760980910000F8D9FF0C3080FF745F3C0ADF260980910000F8D9FF0F
:20F5D8001C3080FF745F3C011D00CB00DA0D7E58910000F8D9FF0C7080FF744F3C2EDA0E22
:20F5F8007E58910000F8D9FF1C7080FF744F3C25DA0F7E58910000F8D9FF2C7080FF744F8F
:20F618003C1CDA107E58910000F8D9FF3C7080FF744F3C13DA117E58910000F8D9FF0C806E
:20F6380080FF744F3C0ADA127E58910000F8D9FF1C8080FF744F3C01DA0B7E68910000F898
:20F65800D9FF3C5080FF745F3C25DA097E68910000F8D9FF0C6080FF745F3C1CDA0A7E6871
:20F67800910000F8D9FF1C6080FF745F3C13DA0C7E68910000F8D9FF2C6080FF745F3C0AA3
:20F69800DA087E68910000F8D9FF3C6080FF745F3C013C66DA137E58910000F8D9FF2C907C
:20F6B80080FF744F3C37DA147E58910000F8D9FF3C9080FF744F3C2EDA157E58910000F892
:20F6D800D9FF0CA080FF744F3C25DA167E58910000F8D9FF1CA080FF744F3C1CDA177E58A7
:20F6F800910000F8D9FF2CA080FF744F3C13DA187E58910000F8D9FF3CA080FF744F3C0AA7
:20F71800DA197E58910000F8D9FF0CB080FF744F3C01DA0E7E68910000F8D9FF2C8080FF12
:20F73800745F3C1CDA0F7E68910000F8D9FF3C8080FF745F3C13DA0D7E68910000F8D9FFCB
:20F758000C9080FF745F3C0ADA107E68910000F8D9FF1C9080FF745F3C013C023C010090E6
:20F77800404F82086DFFD9FDD424094F5208161F3C016E07D424821440F56DFFCE99821855
:20F7980002823C0100900258910000F6D9FF4450D4FF370448406DFF379991000046D944ED
:20F7B800445040256DFFFA9C40F46DFF9D99370868F06E03DA013C02DA0009F0431837F0EA
:20F7D80001F289FF031876850C2196042C213C050C21B70F01F12C210090DA003E4CDA012A
:20F7F8005F4F2B00DA025F4F4900DA035F4F67001D008600910000F6D9FF44509100002606
:20F81800D92218F0E8C2910000F6D9FF445091000026D92230E0E8E2910000F6D9FF4450B1
:20F83800DA0189FFAE08910000F6D9FF4450DA0189FFB4083C64910000F6D9FF4450910061
:20F858000026D9224410E8C2910000F6D9FF445091000026D9225C00E8E2910000F6D9FF47
:20F878004450DA0189FFAE08910000F6D9FF4450DA0189FFB4083C43910000F6D9FF44503F
:20F8980091000026D9227020E8C2910000F6D9FF445091000026D9224820E8E2910000F606
:20F8B800D9FF4450DA0189FFAE08910000F6D9FF4450DA0189FFB4083C22910000F6D9FFDC
:20F8D800445091000026D9225C40E8C2910000F6D9FF445091000026D9227430E8E29100E0
:20F8F80000F6D9FF4450DA0189FFAE08910000F6D9FF4450DA0189FFB4083C010090DA00BC
:20F918003E4BDA015F4F2600DA025F4F4000DA035F4F5A003C75910000F6D9FF4450DA0B5F
:20F9380089FFA008910000F6D9FF4450DA0A89FFA208910000F6D9FF4450DA0C89FFA40869
:20F95800910000F6D9FF4450DA0089FF26083C61910000F6D9FF4450DA0D89FFA0089100D4
:20F9780000F6D9FF4450DA0E89FFA208910000F6D9FF4450DA0F89FFA408910000F6D9FF84
:20F998004450DA0089FF26083C44910000F6D9FF4450DA1089FFA008910000F6D9FF4450AB
:20F9B800DA1189FFA208910000F6D9FF4450DA1289FFA408910000F6D9FF4450DA0089FFAA
:20F9D80026083C27910000F6D9FF4450DA1389FFA008910000F6D9FF4450DA1489FFA2085B
:20F9F800910000F6D9FF4450DA1589FFA408910000F6D9FF4450DA0089FF26083C0A82048A
:20FA180091000048D94496023BC006506DFF54E000900258910000F6D9FF4450D4FF370464
:20FA380048406DFFF19791000046D944445040256DFFB49B40F46DFF6498370868F06E03E6
:20FA5800DA013C02DA0009F0431837F081F389FF031876850C2196042C213C050C21B70FC6
:20FA780001F12C210090200834A56DFF56FCD42449A5000A82146DFF469900900248404FA6
:1AFA98003C0909FF0008B01F370F685002846DFFECFF09FF0008EEF60090D1
:20FAB40000A601605ECD00805ECD00805ECD00805ECD00805ECD00805ECD0080002D3101CA
:20FAD40000000000000000000000000000283D460AD7A33B000000000000000000283D46FD
:20FAF4000100000000000000000000000000000000000000000000000000000000000000F1
:20FB14000000000000000000000100000000000000010100000000000000000000000000CE
:20FB34000000000000000000000000000000000000000000000000000000BD430000BD43B1
:1BFB54000000000000000000000000000001020304050607080A0B0C0D101123
:20FB70000100000000000060D0FA0080040000000100000004000060B4FA0080040000002F
:20FB9000010000000800006016FB008001000000010000000C000060D4FA00800C00000093
:20FBB000010000001800006017FB008001000000010000001C000060E0FA00800C00000046
:20FBD000010000002800006018FB008001000000010000002C00006019FB008001000000D6
:20FBF00001000000300000601AFB0080010000000100000034000060ECFA00800A000000C9
:20FC10000100000040000060F6FA00800400000001000000440000601BFB00800100000083
:20FC30000100000048000060FAFA008004000000010000004C0000601CFB0080010000004E
:20FC500001000000500000601DFB00800100000001000000540000601EFB008001000000FB
:20FC700001000000580000601FFB008001000000010000005C00006020FB008001000000C7
:20FC9000010000006000006021FB008001000000010000006400006022FB00800100000093
:20FCB000010000006800006023FB008001000000010000006C000060FEFA00800200000085
:20FCD000010000007000006000FB008002000000010000007400006002FB00800200000072
:20FCF000010000007800006004FB008002000000010000007C00006006FB0080020000003A
:20FD1000010000008000006008FB00800200000001000000840000600AFB00800C000000F7
:20FD30000100000090000060B8FA00801800000001000000A800006024FB008001000000CF
:20FD500001000000AC00006025FB00800100000001000000B000006026FB00800100000032
:20FD700001000000B400006027FB00800500000002000000BC000060000000005600000043
:20FD900002000000140100600000000025020000020000003C030060000000003A000000DA
:20FDB00002000000780300600000000012000000020000008C03006000000000490000000A
:20FDD00002000000D80300600000000025000000020000000004006000000000410000000A
:20FDF00002000000440400600000000025000000020000006C040060000000004100000011
:20FE100002000000B0040060000000002500000002000000D8040060000000004100000018
:20FE3000020000001C0500600000000025000000020000004405006000000000400000001F
:20FE50000200000000000070000000001E0000000200000020000070000000001E00000052
:20FE70000200000040000070000000002601000001000000680100705CFB008001000000E7
:20FE9000010000006C0100705DFB00800100000001000000700100705EFB008001000000DF
:20FEB00001000000740100705FFB00800100000001000000780100702CFB008002000000DE
:20FED000010000007C0100702EFB008002000000010000008001007030FB008002000000DA
:20FEF000010000008401007032FB008002000000010000008801007034FB0080280000007C
:20FF100001000000B001007060FB00800F00000000000000000000000000000000000000C5
:02000004800278
:2000000000000000700059B30000000000000000000000000000000064B81E799B47E18668
:02000004800F6B
:14400000911000E8D9EEB0FADC0E911000E8D9EECE0ADC0EB6
:0A40C000911000E8D9EEE42ADC0EAE
:0A40E000911000E8D9EEF81ADC0E8A
:0A416000911000E8D9EEE64ADC0EEB
:0A418000911000E8D9EECA4ADC0EE7
:0A41A000911000E8D9EEE64ADC0EAB
:0A41C000911000E8D9EED25ADC0E8F
:0A41E000911000E8D9EEF64ADC0E5B
:0A420000911000E8D9EEE64ADC0E4A
:0A422000911000E8D9EECC6ADC0E24
:0A424000911000E8D9EEF05ADC0EF0
:0A426000911000E8D9EEE64ADC0EEA
:0A428000911000E8D9EEC67ADC0EBA
:0A42A000911000E8D9EEEA6ADC0E86
:0A43C000911000E8D9EE348ADC0EFB
:0A43E000911000E8D9EE8AEADC0E25
:0A440000911000E8D9EEACEADC0EE2
:0A442000911000E8D9EE8EFADC0ED0
:0A5B8000911000E8D9EED6BCDC0E4F
:0A5BA000911000E8D9EEFCBCDC0E09
:0A5FC000911000E8D9EED03ADC0E93
:0A5FE000911000E8D9EEEC0ADC0E87
:040000058000002057
:00000001FF
